station_id,date,n,fails,defect_rate,fpy,rolling_fpy,pbar,ucl,lcl,out_of_control
S1,2026-04-01,155,4,0.025806451612903226,0.9741935483870968,0.9741935483870968,0.021868250539956804,0.057110295757648796,0.0,False
S1,2026-04-02,189,4,0.021164021164021163,0.9788359788359788,0.9765147636115379,0.021868250539956804,0.05378333889452552,0.0,False
S1,2026-04-03,186,4,0.021505376344086023,0.978494623655914,0.9771747169596633,0.021868250539956804,0.054039689103868416,0.0,False
S1,2026-04-04,187,7,0.0374331550802139,0.9625668449197861,0.9735227489496939,0.021868250539956804,0.05395355390629043,0.0,False
S1,2026-04-05,166,2,0.012048192771084338,0.9879518072289156,0.9764085606055384,0.021868250539956804,0.05592262515274496,0.0,False
S1,2026-04-06,177,5,0.02824858757062147,0.9717514124293786,0.9756323692428449,0.021868250539956804,0.054847465996299236,0.0,False
S1,2026-04-07,151,1,0.006622516556291391,0.9933774834437086,0.978167385557254,0.021868250539956804,0.05757402682006228,0.0,False
S1,2026-04-08,154,6,0.03896103896103896,0.961038961038961,0.9762881587932346,0.021868250539956804,0.057224532832665834,0.0,False
S1,2026-04-09,192,2,0.010416666666666666,0.9895833333333334,0.9778234951499997,0.021868250539956804,0.053533020611272714,0.0,False
S1,2026-04-10,164,4,0.024390243902439025,0.975609756097561,0.9774113712130921,0.021868250539956804,0.0561296445343948,0.0,False
S1,2026-04-11,194,2,0.010309278350515464,0.9896907216494846,0.981286210745906,0.021868250539956804,0.0533693772932058,0.0,False
S1,2026-04-12,195,5,0.02564102564102564,0.9743589743589743,0.9793443774787717,0.021868250539956804,0.053288501352948645,0.0,False
S1,2026-04-13,154,3,0.01948051948051948,0.9805194805194806,0.9805969586345006,0.021868250539956804,0.057224532832665834,0.0,False
S1,2026-04-14,154,6,0.03896103896103896,0.961038961038961,0.9759771697195365,0.021868250539956804,0.057224532832665834,0.0,False
S1,2026-04-15,208,5,0.02403846153846154,0.9759615384615384,0.9781089664941904,0.021868250539956804,0.05229077757305117,0.0,False
S1,2026-04-16,183,3,0.01639344262295082,0.9836065573770492,0.9772551413575784,0.021868250539956804,0.05430231744974748,0.0,False
S1,2026-04-17,177,3,0.01694915254237288,0.9830508474576272,0.9783181544090164,0.021868250539956804,0.054847465996299236,0.0,False
S1,2026-04-18,182,5,0.027472527472527472,0.9725274725274725,0.9758662616773004,0.021868250539956804,0.054391299967873216,0.0,False
S1,2026-04-19,188,4,0.02127659574468085,0.9787234042553191,0.9764897516624925,0.021868250539956804,0.05386810687478277,0.0,False
S1,2026-04-20,185,5,0.02702702702702703,0.972972972972973,0.9754116791558486,0.021868250539956804,0.05412652175454746,0.0,False
S1,2026-04-21,163,1,0.006134969325153374,0.9938650306748467,0.9801011176752609,0.021868250539956804,0.056234580136908185,0.0,False
S1,2026-04-22,198,4,0.020202020202020204,0.9797979797979798,0.980649180723324,0.021868250539956804,0.05304956061672503,0.0,False
S1,2026-04-23,150,4,0.02666666666666667,0.9733333333333334,0.9791815772885074,0.021868250539956804,0.05769284836738131,0.0,False
S1,2026-04-24,195,3,0.015384615384615385,0.9846153846153847,0.9794050825967585,0.021868250539956804,0.053288501352948645,0.0,False
S1,2026-04-25,183,3,0.01639344262295082,0.9836065573770492,0.9809878090038409,0.021868250539956804,0.05430231744974748,0.0,False
S1,2026-04-26,169,3,0.01775147928994083,0.9822485207100592,0.9814913970688036,0.021868250539956804,0.05561901396980637,0.0,False
S1,2026-04-27,183,1,0.00546448087431694,0.994535519125683,0.9845717608049052,0.021868250539956804,0.05430231744974748,0.0,False
S1,2026-04-28,152,3,0.019736842105263157,0.9802631578947368,0.9826286361220323,0.021868250539956804,0.057456379790906176,0.0,False
S1,2026-04-29,207,3,0.014492753623188406,0.9855072463768116,0.9834442456332939,0.021868250539956804,0.05236417340235759,0.0,False
S1,2026-04-30,182,1,0.005494505494505495,0.9945054945054945,0.9864688400864597,0.021868250539956804,0.054391299967873216,0.0,False
S1,2026-05-01,159,4,0.025157232704402517,0.9748427672955975,0.9850727518979188,0.021868250539956804,0.056664175934368996,0.0,False
S1,2026-05-02,154,1,0.006493506493506494,0.9935064935064936,0.9864870284878394,0.021868250539956804,0.057224532832665834,0.0,False
S1,2026-05-03,202,4,0.019801980198019802,0.9801980198019802,0.9861940997866855,0.021868250539956804,0.05273929110657641,0.0,False
S1,2026-05-04,207,2,0.00966183574879227,0.9903381642512077,0.9855944776617603,0.021868250539956804,0.05236417340235759,0.0,False
S1,2026-05-05,157,3,0.01910828025477707,0.9808917197452229,0.9856842722118297,0.021868250539956804,0.05688510466432892,0.0,False
S1,2026-05-06,190,6,0.031578947368421054,0.968421052631579,0.9832433873910823,0.021868250539956804,0.053699241018825394,0.0,False
S1,2026-05-07,169,0,0.0,1.0,0.9840283167474402,0.021868250539956804,0.05561901396980637,0.0,False
S1,2026-05-08,174,7,0.040229885057471264,0.9597701149425287,0.9818750806970018,0.021868250539956804,0.05513055458305917,0.0,False
S1,2026-05-09,184,6,0.03260869565217391,0.967391304347826,0.9781443393886206,0.021868250539956804,0.054214061321775,0.0,False
S1,2026-05-10,190,1,0.005263157894736842,0.9947368421052631,0.9802213140033754,0.021868250539956804,0.053699241018825394,0.0,False
S1,2026-05-11,162,3,0.018518518518518517,0.9814814814814815,0.9789560736077003,0.021868250539956804,0.056340485872079515,0.0,False
S1,2026-05-12,199,2,0.010050251256281407,0.9899497487437185,0.9802500777503423,0.021868250539956804,0.052971116945090754,0.0,False
S1,2026-05-13,150,3,0.02,0.98,0.9819042130886882,0.021868250539956804,0.05769284836738131,0.0,False
S1,2026-05-14,195,4,0.020512820512820513,0.9794871794871794,0.9789738101582853,0.021868250539956804,0.053288501352948645,0.0,False
S1,2026-05-15,195,3,0.015384615384615385,0.9846153846153847,0.9825231343972648,0.021868250539956804,0.053288501352948645,0.0,False
S1,2026-05-16,162,4,0.024691358024691357,0.9753086419753086,0.9836541826297623,0.021868250539956804,0.056340485872079515,0.0,False
S1,2026-05-17,190,2,0.010526315789473684,0.9894736842105263,0.9829023029305143,0.021868250539956804,0.053699241018825394,0.0,False
S1,2026-05-18,194,4,0.020618556701030927,0.979381443298969,0.9826022974758695,0.021868250539956804,0.0533693772932058,0.0,False
S1,2026-05-19,190,4,0.021052631578947368,0.9789473684210527,0.9810305288583459,0.021868250539956804,0.053699241018825394,0.0,False
S1,2026-05-20,180,5,0.027777777777777776,0.9722222222222222,0.9799194177472347,0.021868250539956804,0.05457148444600843,0.0,False
S1,2026-05-21,162,1,0.006172839506172839,0.9938271604938271,0.9819679864624701,0.021868250539956804,0.056340485872079515,0.0,False
S1,2026-05-22,167,3,0.017964071856287425,0.9820359281437125,0.9815994926808027,0.021868250539956804,0.055820512855072266,0.0,False
S1,2026-05-23,168,2,0.011904761904761904,0.9880952380952381,0.983426149269364,0.021868250539956804,0.05571931363648183,0.0,False
S1,2026-05-24,188,6,0.031914893617021274,0.9680851063829787,0.9803706381511429,0.021868250539956804,0.05386810687478277,0.0,False
S1,2026-05-25,185,2,0.010810810810810811,0.9891891891891892,0.9817717447068887,0.021868250539956804,0.05412652175454746,0.0,False
S1,2026-05-26,174,3,0.017241379310344827,0.9827586206896551,0.9823162093166891,0.021868250539956804,0.05513055458305917,0.0,False
S1,2026-05-27,184,2,0.010869565217391304,0.9891304347826086,0.9847316682538871,0.021868250539956804,0.054214061321775,0.0,False
S1,2026-05-28,164,4,0.024390243902439025,0.975609756097561,0.9821291819115634,0.021868250539956804,0.0561296445343948,0.0,False
S1,2026-05-29,187,4,0.0213903743315508,0.9786096256684492,0.9816397101293829,0.021868250539956804,0.05395355390629043,0.0,False
S1,2026-05-30,160,4,0.025,0.975,0.979768961830063,0.021868250539956804,0.05655526823250519,0.0,False
S2,2026-04-01,150,3,0.02,0.98,0.98,0.022312925170068026,0.05849169674160398,0.0,False
S2,2026-04-02,175,3,0.017142857142857144,0.9828571428571429,0.9814285714285714,0.022312925170068026,0.05580795907607579,0.0,False
S2,2026-04-03,208,4,0.019230769230769232,0.9807692307692307,0.9812087912087911,0.022312925170068026,0.05303621930057819,0.0,False
S2,2026-04-04,153,3,0.0196078431372549,0.9803921568627451,0.9810046326222797,0.022312925170068026,0.058135246949538706,0.0,False
S2,2026-04-05,159,3,0.018867924528301886,0.9811320754716981,0.9810301211921633,0.022312925170068026,0.0574528545149538,0.0,False
S2,2026-04-06,155,3,0.01935483870967742,0.9806451612903225,0.9809659612085232,0.022312925170068026,0.057903384825376956,0.0,False
S2,2026-04-07,150,0,0.0,1.0,0.9836851096073056,0.022312925170068026,0.05849169674160398,0.0,False
S2,2026-04-08,207,6,0.028985507246376812,0.9710144927536232,0.9824014657149661,0.022312925170068026,0.05311034074516696,0.0,False
S2,2026-04-09,151,4,0.026490066225165563,0.9735099337748344,0.9810661501317792,0.022312925170068026,0.05837170048542994,0.0,False
S2,2026-04-10,154,6,0.03896103896103896,0.961038961038961,0.978247540170312,0.022312925170068026,0.05801875128564961,0.0,False
S2,2026-04-11,197,5,0.025380710659898477,0.9746192893401016,0.9774228448099345,0.022312925170068026,0.053882325543179344,0.0,False
S2,2026-04-12,181,3,0.016574585635359115,0.9834254143646409,0.9777504646517834,0.022312925170068026,0.055248114068203076,0.0,False
S2,2026-04-13,183,4,0.02185792349726776,0.9781420765027322,0.9773928811106991,0.022312925170068026,0.05506764592137671,0.0,False
S2,2026-04-14,184,3,0.016304347826086956,0.9836956521739131,0.9750636885641153,0.022312925170068026,0.05497851726432701,0.0,False
S2,2026-04-15,205,5,0.024390243902439025,0.975609756097561,0.9757201547561063,0.022312925170068026,0.05326020739944033,0.0,False
S2,2026-04-16,150,4,0.02666666666666667,0.9733333333333334,0.9756949261216061,0.022312925170068026,0.05849169674160398,0.0,False
S2,2026-04-17,196,5,0.025510204081632654,0.9744897959183674,0.9776164739615213,0.022312925170068026,0.05396275726684409,0.0,False
S2,2026-04-18,188,4,0.02127659574468085,0.9787234042553191,0.9782027760922667,0.022312925170068026,0.054629142598010244,0.0,False
S2,2026-04-19,199,4,0.020100502512562814,0.9798994974874372,0.9776990736812375,0.022312925170068026,0.05372328473117179,0.0,False
S2,2026-04-20,176,3,0.017045454545454544,0.9829545454545454,0.9783865692457824,0.022312925170068026,0.05571266717912596,0.0,False
S2,2026-04-21,154,7,0.045454545454545456,0.9545454545454546,0.9742222552988596,0.022312925170068026,0.05801875128564961,0.0,False
S2,2026-04-22,195,4,0.020512820512820513,0.9794871794871794,0.974776172925948,0.022312925170068026,0.05404380690556081,0.0,False
S2,2026-04-23,183,3,0.01639344262295082,0.9836065573770492,0.9762437763607645,0.022312925170068026,0.05506764592137671,0.0,False
S2,2026-04-24,203,7,0.034482758620689655,0.9655172413793104,0.9749619828551851,0.022312925170068026,0.05341228341220768,0.0,False
S2,2026-04-25,207,2,0.00966183574879227,0.9903381642512077,0.9766212342831692,0.022312925170068026,0.05311034074516696,0.0,False
S2,2026-04-26,172,4,0.023255813953488372,0.9767441860465116,0.976170475505894,0.022312925170068026,0.056098804192245354,0.0,False
S2,2026-04-27,160,4,0.025,0.975,0.9750341118695304,0.022312925170068026,0.0573428701157683,0.0,False
S2,2026-04-28,169,7,0.04142011834319527,0.9585798816568047,0.9756104585997232,0.022312925170068026,0.05639735973582686,0.0,False
S2,2026-04-29,195,6,0.03076923076923077,0.9692307692307692,0.9741452571345218,0.022312925170068026,0.05404380690556081,0.0,False
S2,2026-04-30,178,7,0.03932584269662921,0.9606741573033708,0.9708691999811393,0.022312925170068026,0.05552449812117281,0.0,False
S2,2026-05-01,191,10,0.05235602094240838,0.9476439790575917,0.9683158767923222,0.022312925170068026,0.054374345843862644,0.0,False
S2,2026-05-02,160,3,0.01875,0.98125,0.9670175676135783,0.022312925170068026,0.0573428701157683,0.0,False
S2,2026-05-03,156,2,0.01282051282051282,0.9871794871794872,0.968508324918289,0.022312925170068026,0.057789129443352204,0.0,False
S2,2026-05-04,152,0,0.0,1.0,0.9720797534897176,0.022312925170068026,0.058252890359091265,0.0,False
S2,2026-05-05,180,6,0.03333333333333333,0.9666666666666667,0.9732350084911265,0.022312925170068026,0.055339473990996146,0.0,False
S2,2026-05-06,151,4,0.026490066225165563,0.9735099337748344,0.9738463177117074,0.022312925170068026,0.05837170048542994,0.0,False
S2,2026-05-07,175,3,0.017142857142857144,0.9828571428571429,0.9770153156479603,0.022312925170068026,0.05580795907607579,0.0,False
S2,2026-05-08,193,2,0.010362694300518135,0.9896373056994818,0.9830143623110875,0.022312925170068026,0.05420779188260341,0.0,False
S2,2026-05-09,188,13,0.06914893617021277,0.9308510638297872,0.9758145142867715,0.022312925170068026,0.054629142598010244,0.0,True
S2,2026-05-10,173,5,0.028901734104046242,0.9710982658959537,0.9735171969605523,0.022312925170068026,0.05600101562528846,0.0,False
S2,2026-05-11,160,5,0.03125,0.96875,0.9690529112462666,0.022312925170068026,0.0573428701157683,0.0,False
S2,2026-05-12,194,5,0.02577319587628866,0.9742268041237113,0.9701329308829874,0.022312925170068026,0.05412548241193472,0.0,False
S2,2026-05-13,207,10,0.04830917874396135,0.9516908212560387,0.9670159148088737,0.022312925170068026,0.05311034074516696,0.0,False
S2,2026-05-14,165,3,0.01818181818181818,0.9818181818181818,0.9668674918033079,0.022312925170068026,0.056808030388389524,0.0,False
S2,2026-05-15,153,3,0.0196078431372549,0.9803921568627451,0.9655467562552025,0.022312925170068026,0.058135246949538706,0.0,False
S2,2026-05-16,171,3,0.017543859649122806,0.9824561403508771,0.9729189100439297,0.022312925170068026,0.05619744930442375,0.0,False
S2,2026-05-17,182,3,0.016483516483516484,0.9835164835164835,0.9746929411325768,0.022312925170068026,0.055157508149911404,0.0,False
S2,2026-05-18,151,4,0.026490066225165563,0.9735099337748344,0.9753729316718388,0.022312925170068026,0.05837170048542994,0.0,False
S2,2026-05-19,192,2,0.010416666666666666,0.9895833333333334,0.9775667215589277,0.022312925170068026,0.05429074356160823,0.0,False
S2,2026-05-20,172,6,0.03488372093023256,0.9651162790697675,0.9794846441037462,0.022312925170068026,0.056098804192245354,0.0,False
S2,2026-05-21,191,6,0.031413612565445025,0.9685863874345549,0.9775943877632279,0.022312925170068026,0.054374345843862644,0.0,False
S2,2026-05-22,165,4,0.024242424242424242,0.9757575757575757,0.9769323047482039,0.022312925170068026,0.056808030388389524,0.0,False
S2,2026-05-23,154,4,0.025974025974025976,0.974025974025974,0.9757279952732176,0.022312925170068026,0.05801875128564961,0.0,False
S2,2026-05-24,190,2,0.010526315789473684,0.9894736842105263,0.9765790239437953,0.022312925170068026,0.054458607278720844,0.0,False
S2,2026-05-25,196,3,0.015306122448979591,0.9846938775510204,0.978176730197536,0.022312925170068026,0.05396275726684409,0.0,False
S2,2026-05-26,172,3,0.01744186046511628,0.9825581395348837,0.9771731310834718,0.022312925170068026,0.056098804192245354,0.0,False
S2,2026-05-27,167,2,0.011976047904191617,0.9880239520958084,0.9804456558014777,0.022312925170068026,0.05660085070527393,0.0,False
S2,2026-05-28,153,5,0.032679738562091505,0.9673202614379085,0.9802647806590995,0.022312925170068026,0.058135246949538706,0.0,False
S2,2026-05-29,156,2,0.01282051282051282,0.9871794871794872,0.9818964822908012,0.022312925170068026,0.057789129443352204,0.0,False
S2,2026-05-30,193,1,0.0051813471502590676,0.9948186528497409,0.9848668649799108,0.022312925170068026,0.05420779188260341,0.0,False
S3,2026-04-01,188,1,0.005319148936170213,0.9946808510638298,0.9946808510638298,0.023634453781512604,0.05687141710195067,0.0,False
S3,2026-04-02,197,6,0.030456852791878174,0.9695431472081218,0.9821119991359758,0.023634453781512604,0.05610332191525874,0.0,False
S3,2026-04-03,180,5,0.027777777777777776,0.9722222222222222,0.9788154068313912,0.023634453781512604,0.057601987086097844,0.0,False
S3,2026-04-04,201,4,0.01990049751243781,0.9800995024875622,0.979136430745434,0.023634453781512604,0.055778625075503206,0.0,False
S3,2026-04-05,161,4,0.024844720496894408,0.9751552795031055,0.9783402004969683,0.023634453781512604,0.05955040098122519,0.0,False
S3,2026-04-06,162,3,0.018518518518518517,0.9814814814814815,0.9788637473277205,0.023634453781512604,0.059439377694884374,0.0,False
S3,2026-04-07,186,2,0.010752688172043012,0.989247311827957,0.9803471136848971,0.023634453781512604,0.05704963266001091,0.0,False
S3,2026-04-08,206,4,0.019417475728155338,0.9805825242718447,0.9783330670003278,0.023634453781512604,0.055386129632373646,0.0,False
S3,2026-04-09,179,4,0.0223463687150838,0.9776536312849162,0.979491707582727,0.023634453781512604,0.05769673631702134,0.0,False
S3,2026-04-10,183,8,0.04371584699453552,0.9562841530054644,0.9772148405517616,0.023634453781512604,0.05732241415651374,0.0,False
S3,2026-04-11,178,6,0.033707865168539325,0.9662921348314607,0.9752423594580328,0.023634453781512604,0.05779228287927939,0.0,False
S3,2026-04-12,199,5,0.02512562814070352,0.9748743718592965,0.9752022297946316,0.023634453781512604,0.05593974975069666,0.0,False
S3,2026-04-13,205,6,0.02926829268292683,0.9707317073170731,0.9736665477711447,0.023634453781512604,0.05546347853103415,0.0,False
S3,2026-04-14,158,2,0.012658227848101266,0.9873417721518988,0.9733943278174221,0.023634453781512604,0.0598897718011729,0.0,False
S3,2026-04-15,153,3,0.0196078431372549,0.9803921568627451,0.973367132473265,0.023634453781512604,0.06047741653518324,0.0,False
S3,2026-04-16,202,4,0.019801980198019802,0.9801980198019802,0.9737306165471313,0.023634453781512604,0.0556989615793121,0.0,False
S3,2026-04-17,184,2,0.010869565217391304,0.9891304347826086,0.9784229425152947,0.023634453781512604,0.05723074606720947,0.0,False
S3,2026-04-18,168,5,0.02976190476190476,0.9702380952380952,0.9789866511448139,0.023634453781512604,0.058794191085475594,0.0,False
S3,2026-04-19,161,5,0.031055900621118012,0.968944099378882,0.9781394693618976,0.023634453781512604,0.05955040098122519,0.0,False
S3,2026-04-20,170,6,0.03529411764705882,0.9647058823529412,0.9772786372241644,0.023634453781512604,0.0585867571966171,0.0,False
S3,2026-04-21,187,5,0.026737967914438502,0.9732620320855615,0.9752672457861162,0.023634453781512604,0.05696016749577569,0.0,False
S3,2026-04-22,157,5,0.03184713375796178,0.9681528662420382,0.9735187756974438,0.023634453781512604,0.060005051322672344,0.0,False
S3,2026-04-23,153,9,0.058823529411764705,0.9411764705882353,0.9679442686669087,0.023634453781512604,0.06047741653518324,0.0,False
S3,2026-04-24,161,3,0.018633540372670808,0.9813664596273292,0.9668351293590118,0.023634453781512604,0.05955040098122519,0.0,False
S3,2026-04-25,209,8,0.03827751196172249,0.9617224880382775,0.9656186140447521,0.023634453781512604,0.05515742310765836,0.0,False
S3,2026-04-26,196,3,0.015306122448979591,0.9846938775510204,0.9678685823550576,0.023634453781512604,0.05618604528024432,0.0,False
S3,2026-04-27,154,8,0.05194805194805195,0.948051948051948,0.9654894488834872,0.023634453781512604,0.060357601704864504,0.0,False
S3,2026-04-28,158,5,0.03164556962025317,0.9683544303797469,0.9647883629255137,0.023634453781512604,0.0598897718011729,0.0,False
S3,2026-04-29,179,4,0.0223463687150838,0.9776536312849162,0.9661456150744961,0.023634453781512604,0.05769673631702134,0.0,False
S3,2026-04-30,150,0,0.0,1.0,0.9745489764190342,0.023634453781512604,0.06084402220897127,0.0,False
S3,2026-05-01,150,2,0.013333333333333334,0.9866666666666667,0.9753061488532252,0.023634453781512604,0.06084402220897127,0.0,False
S3,2026-05-02,156,5,0.03205128205128205,0.967948717948718,0.9761956102690024,0.023634453781512604,0.06012143753227755,0.0,False
S3,2026-05-03,186,2,0.010752688172043012,0.989247311827957,0.9768461008799934,0.023634453781512604,0.05704963266001091,0.0,False
S3,2026-05-04,171,2,0.011695906432748537,0.9883040935672515,0.9825964073821795,0.023634453781512604,0.05848440762574856,0.0,False
S3,2026-05-05,181,6,0.03314917127071823,0.9668508287292817,0.9823816071463988,0.023634453781512604,0.05750802415836343,0.0,False
S3,2026-05-06,156,4,0.02564102564102564,0.9743589743589743,0.9819109418712643,0.023634453781512604,0.06012143753227755,0.0,False
S3,2026-05-07,186,5,0.026881720430107527,0.9731182795698925,0.9780706960955345,0.023634453781512604,0.05704963266001091,0.0,False
S3,2026-05-08,151,3,0.019867549668874173,0.9801324503311258,0.9771372366190286,0.023634453781512604,0.06072060704833436,0.0,False
S3,2026-05-09,167,6,0.03592814371257485,0.9640718562874252,0.9765833992388441,0.023634453781512604,0.05889930264226363,0.0,False
S3,2026-05-10,173,7,0.04046242774566474,0.9595375722543352,0.9723391507283266,0.023634453781512604,0.0582823772054843,0.0,False
S3,2026-05-11,155,5,0.03225806451612903,0.967741935483871,0.9694016995735579,0.023634453781512604,0.06023894825116,0.0,False
S3,2026-05-12,166,3,0.018072289156626505,0.9819277108433735,0.9715555398755712,0.023634453781512604,0.05900536257755838,0.0,False
S3,2026-05-13,180,13,0.07222222222222222,0.9277777777777778,0.9649010832211145,0.023634453781512604,0.057601987086097844,0.0,True
S3,2026-05-14,157,5,0.03184713375796178,0.9681528662420382,0.9641917384599924,0.023634453781512604,0.060005051322672344,0.0,False
S3,2026-05-15,197,7,0.03553299492385787,0.9644670050761421,0.9619538177092805,0.023634453781512604,0.05610332191525874,0.0,False
S3,2026-05-16,199,12,0.06030150753768844,0.9396984924623115,0.958471908591407,0.023634453781512604,0.05593974975069666,0.0,True
S3,2026-05-17,185,5,0.02702702702702703,0.972972972972973,0.9603912515512124,0.023634453781512604,0.05713982224072146,0.0,False
S3,2026-05-18,200,7,0.035,0.965,0.9599995464820881,0.023634453781512604,0.0558588853035472,0.0,False
S3,2026-05-19,181,9,0.049723756906077346,0.9502762430939227,0.9554779082321664,0.023634453781512604,0.05750802415836343,0.0,False
S3,2026-05-20,155,10,0.06451612903225806,0.935483870967742,0.9565787786878757,0.023634453781512604,0.06023894825116,0.0,True
S3,2026-05-21,200,8,0.04,0.96,0.9554140835104417,0.023634453781512604,0.0558588853035472,0.0,False
S3,2026-05-22,174,12,0.06896551724137931,0.9310344827586207,0.9506380088936529,0.023634453781512604,0.05818267074430805,0.0,True
S3,2026-05-23,190,10,0.05263157894736842,0.9473684210526316,0.9517337129779843,0.023634453781512604,0.05669602293137055,0.0,False
S3,2026-05-24,171,15,0.08771929824561403,0.9122807017543859,0.943063388518186,0.023634453781512604,0.05848440762574856,0.0,True
S3,2026-05-25,173,11,0.06358381502890173,0.9364161849710982,0.9389799863712002,0.023634453781512604,0.0582823772054843,0.0,True
S3,2026-05-26,158,20,0.12658227848101267,0.8734177215189873,0.9280001975747808,0.023634453781512604,0.0598897718011729,0.0,True
S3,2026-05-27,153,21,0.13725490196078433,0.8627450980392157,0.9176089442992771,0.023634453781512604,0.06047741653518324,0.0,True
S3,2026-05-28,168,25,0.1488095238095238,0.8511904761904762,0.9020647266122023,0.023634453781512604,0.058794191085475594,0.0,True
S3,2026-05-29,152,19,0.125,0.875,0.8940598005038279,0.023634453781512604,0.06059841181245875,0.0,True
S3,2026-05-30,176,18,0.10227272727272728,0.8977272727272727,0.8869682078859195,0.023634453781512604,0.05798581320476305,0.0,True
S4,2026-04-01,208,8,0.038461538461538464,0.9615384615384616,0.9615384615384616,0.02948021722265322,0.06466518219735906,0.0,False
S4,2026-04-02,191,3,0.015706806282722512,0.9842931937172775,0.9729158276278695,0.02948021722265322,0.06619763296117323,0.0,False
S4,2026-04-03,173,3,0.017341040462427744,0.9826589595375722,0.9761635382644371,0.02948021722265322,0.06806052953215136,0.0,False
S4,2026-04-04,200,5,0.025,0.975,0.9758726536983278,0.02948021722265322,0.06536198182087397,0.0,False
S4,2026-04-05,203,6,0.029556650246305417,0.9704433497536946,0.9747867929094012,0.02948021722265322,0.06509585875631527,0.0,False
S4,2026-04-06,186,5,0.026881720430107527,0.9731182795698925,0.9745087073528165,0.02948021722265322,0.0666878738326964,0.0,False
S4,2026-04-07,167,5,0.029940119760479042,0.9700598802395209,0.9738731606223456,0.02948021722265322,0.06874747332763875,0.0,False
S4,2026-04-08,209,6,0.028708133971291867,0.9712918660287081,0.9752665041209523,0.02948021722265322,0.06458090671113235,0.0,False
S4,2026-04-09,202,7,0.034653465346534656,0.9653465346534653,0.9725598385404075,0.02948021722265322,0.06518390744824305,0.0,False
S4,2026-04-10,187,1,0.0053475935828877,0.9946524064171123,0.9742731880946277,0.02948021722265322,0.06658825476073127,0.0,False
S4,2026-04-11,174,5,0.028735632183908046,0.9712643678160919,0.9737395263540695,0.02948021722265322,0.06794950682050471,0.0,False
S4,2026-04-12,176,4,0.022727272727272728,0.9772727272727273,0.9747151517139312,0.02948021722265322,0.06773030680487345,0.0,False
S4,2026-04-13,186,3,0.016129032258064516,0.9838709677419355,0.976251250024223,0.02948021722265322,0.0666878738326964,0.0,False
S4,2026-04-14,186,9,0.04838709677419355,0.9516129032258065,0.9736159675936925,0.02948021722265322,0.0666878738326964,0.0,False
S4,2026-04-15,161,3,0.018633540372670808,0.9813664596273292,0.9750551952506382,0.02948021722265322,0.06947246850134528,0.0,False
S4,2026-04-16,169,3,0.01775147928994083,0.9822485207100592,0.9774697646872944,0.02948021722265322,0.06851443117394751,0.0,False
S4,2026-04-17,174,3,0.017241379310344827,0.9827586206896551,0.975770652440515,0.02948021722265322,0.06794950682050471,0.0,False
S4,2026-04-18,161,8,0.049689440993788817,0.9503105590062112,0.9727772511819606,0.02948021722265322,0.06947246850134528,0.0,False
S4,2026-04-19,192,10,0.052083333333333336,0.9479166666666666,0.9685835282382376,0.02948021722265322,0.06610188986277918,0.0,False
S4,2026-04-20,193,7,0.03626943005181347,0.9637305699481865,0.9657063285534164,0.02948021722265322,0.06600689184896011,0.0,False
S4,2026-04-21,169,10,0.05917159763313609,0.9408284023668639,0.9641656855735673,0.02948021722265322,0.06851443117394751,0.0,False
S4,2026-04-22,192,7,0.036458333333333336,0.9635416666666666,0.961619286579187,0.02948021722265322,0.06610188986277918,0.0,False
S4,2026-04-23,203,4,0.019704433497536946,0.9802955665024631,0.961340293120959,0.02948021722265322,0.06509585875631527,0.0,False
S4,2026-04-24,182,10,0.054945054945054944,0.945054945054945,0.9559540537445718,0.02948021722265322,0.06709452696579336,0.0,False
S4,2026-04-25,154,4,0.025974025974025976,0.974025974025974,0.9593419701759665,0.02948021722265322,0.07037128300267588,0.0,False
S4,2026-04-26,162,8,0.04938271604938271,0.9506172839506173,0.9597277726451025,0.02948021722265322,0.06934884455400961,0.0,False
S4,2026-04-27,157,6,0.03821656050955414,0.9617834394904459,0.9594496111511394,0.02948021722265322,0.06997871968269358,0.0,False
S4,2026-04-28,190,5,0.02631578947368421,0.9736842105263158,0.9641432980310611,0.02948021722265322,0.06629413093504316,0.0,False
S4,2026-04-29,156,5,0.03205128205128205,0.967948717948718,0.9647728767856398,0.02948021722265322,0.07010831522180117,0.0,False
S4,2026-04-30,198,3,0.015151515151515152,0.9848484848484849,0.9654232936922144,0.02948021722265322,0.06554274752209434,0.0,False
S4,2026-05-01,175,5,0.02857142857142857,0.9714285714285714,0.9691909546027324,0.02948021722265322,0.06783943709677218,0.0,False
S4,2026-05-02,198,4,0.020202020202020204,0.9797979797979798,0.9700155268558762,0.02948021722265322,0.06554274752209434,0.0,False
S4,2026-05-03,203,8,0.03940886699507389,0.9605911330049262,0.971440362435063,0.02948021722265322,0.06509585875631527,0.0,False
S4,2026-05-04,188,4,0.02127659574468085,0.9787234042553191,0.9738603574014737,0.02948021722265322,0.06648943158251472,0.0,False
S4,2026-05-05,183,5,0.0273224043715847,0.9726775956284153,0.9737165552732021,0.02948021722265322,0.06699161484477825,0.0,False
S4,2026-05-06,201,5,0.024875621890547265,0.9751243781094527,0.9747416495818785,0.02948021722265322,0.06527261240539475,0.0,False
S4,2026-05-07,193,5,0.025906735751295335,0.9740932642487047,0.9732051894961956,0.02948021722265322,0.06600689184896011,0.0,False
S4,2026-05-08,176,4,0.022727272727272728,0.9772727272727273,0.9740400689025036,0.02948021722265322,0.06773030680487345,0.0,False
S4,2026-05-09,205,3,0.014634146341463415,0.9853658536585366,0.9748354794540116,0.02948021722265322,0.06492169809632933,0.0,False
S4,2026-05-10,162,2,0.012345679012345678,0.9876543209876543,0.9787016491658299,0.02948021722265322,0.06934884455400961,0.0,False
S4,2026-05-11,170,2,0.011764705882352941,0.9882352941176471,0.9800604905747339,0.02948021722265322,0.0683994553308196,0.0,False
S4,2026-05-12,178,5,0.028089887640449437,0.9719101123595506,0.9799508501077534,0.02948021722265322,0.06751481162765448,0.0,False
S4,2026-05-13,199,4,0.020100502512562814,0.9798994974874372,0.980633010018894,0.02948021722265322,0.06545202403170391,0.0,False
S4,2026-05-14,163,2,0.012269938650306749,0.9877300613496932,0.9825811238904637,0.02948021722265322,0.06922636000239528,0.0,False
S4,2026-05-15,203,6,0.029556650246305417,0.9704433497536946,0.981605498530602,0.02948021722265322,0.06509585875631527,0.0,False
S4,2026-05-16,206,3,0.014563106796116505,0.9854368932038835,0.9816156470370802,0.02948021722265322,0.06483557043347915,0.0,False
S4,2026-05-17,184,4,0.021739130434782608,0.9782608695652174,0.9802737254053034,0.02948021722265322,0.06688954282531266,0.0,False
S4,2026-05-18,194,5,0.02577319587628866,0.9742268041237113,0.9782725125490269,0.02948021722265322,0.06591262930568391,0.0,False
S4,2026-05-19,187,2,0.0106951871657754,0.9893048128342246,0.9807574697596946,0.02948021722265322,0.06658825476073127,0.0,False
S4,2026-05-20,196,7,0.03571428571428571,0.9642857142857143,0.9785269293023056,0.02948021722265322,0.06572627303456935,0.0,False
S4,2026-05-21,185,2,0.010810810810810811,0.9891891891891892,0.9787353761365193,0.02948021722265322,0.06678829953926178,0.0,False
S4,2026-05-22,160,4,0.025,0.975,0.9793863261717057,0.02948021722265322,0.06959724961978672,0.0,False
S4,2026-05-23,155,3,0.01935483870967742,0.9806451612903225,0.9787017930411971,0.02948021722265322,0.07023916289710691,0.0,False
S4,2026-05-24,185,6,0.032432432432432434,0.9675675675675676,0.9771741784701041,0.02948021722265322,0.06678829953926178,0.0,False
S4,2026-05-25,169,3,0.01775147928994083,0.9822485207100592,0.9783201379824397,0.02948021722265322,0.06851443117394751,0.0,False
S4,2026-05-26,162,4,0.024691358024691357,0.9753086419753086,0.9763206850025945,0.02948021722265322,0.06934884455400961,0.0,False
S4,2026-05-27,200,4,0.02,0.98,0.9785655829617782,0.02948021722265322,0.06536198182087397,0.0,False
S4,2026-05-28,204,6,0.029411764705882353,0.9705882352941176,0.9759083038339108,0.02948021722265322,0.06500845827724891,0.0,False
S4,2026-05-29,209,9,0.0430622009569378,0.9569377990430622,0.973327989411491,0.02948021722265322,0.06458090671113235,0.0,False
S4,2026-05-30,179,7,0.03910614525139665,0.9608938547486033,0.9705063741912454,0.02948021722265322,0.06740842094539315,0.0,False
S5,2026-04-01,181,7,0.03867403314917127,0.9613259668508287,0.9613259668508287,0.025486074619022595,0.06062815494747203,0.0,False
S5,2026-04-02,191,4,0.020942408376963352,0.9790575916230366,0.9701917792369327,0.025486074619022595,0.05969583805008946,0.0,False
S5,2026-04-03,196,5,0.025510204081632654,0.9744897959183674,0.9716244514640776,0.025486074619022595,0.059256670116952834,0.0,False
S5,2026-04-04,164,7,0.042682926829268296,0.9573170731707317,0.9680476068907411,0.025486074619022595,0.06240464119993391,0.0,False
S5,2026-04-05,187,4,0.0213903743315508,0.9786096256684492,0.9701600106462827,0.025486074619022595,0.060059781946606085,0.0,False
S5,2026-04-06,184,7,0.03804347826086957,0.9619565217391304,0.9687927624950907,0.025486074619022595,0.06034049324413677,0.0,False
S5,2026-04-07,151,2,0.013245033112582781,0.9867549668874173,0.9713587916939944,0.025486074619022595,0.06396104382588545,0.0,False
S5,2026-04-08,196,7,0.03571428571428571,0.9642857142857143,0.9717816127561211,0.025486074619022595,0.059256670116952834,0.0,False
S5,2026-04-09,204,4,0.0196078431372549,0.9803921568627451,0.9719722649332222,0.025486074619022595,0.058587879230084974,0.0,False
S5,2026-04-10,185,3,0.016216216216216217,0.9837837837837837,0.9732999774854244,0.025486074619022595,0.06024616446867366,0.0,False
S5,2026-04-11,169,2,0.011834319526627219,0.9881656804733728,0.9777069213858018,0.025486074619022595,0.061854408232178235,0.0,False
S5,2026-04-12,194,4,0.020618556701030927,0.979381443298969,0.9778171810473048,0.025486074619022595,0.05943029900178845,0.0,False
S5,2026-04-13,154,4,0.025974025974025976,0.974025974025974,0.9795413885168537,0.025486074619022595,0.06358444452448461,0.0,False
S5,2026-04-14,175,4,0.022857142857142857,0.9771428571428571,0.9781682299819165,0.025486074619022595,0.06122551354465494,0.0,False
S5,2026-04-15,175,5,0.02857142857142857,0.9714285714285714,0.9791886381451819,0.025486074619022595,0.06122551354465494,0.0,False
S5,2026-04-16,209,4,0.019138755980861243,0.9808612440191388,0.9792556505960953,0.025486074619022595,0.05818952772202704,0.0,False
S5,2026-04-17,169,7,0.04142011834319527,0.9585798816568047,0.975655093149384,0.025486074619022595,0.061854408232178235,0.0,False
S5,2026-04-18,178,3,0.016853932584269662,0.9831460674157303,0.9749380055697208,0.025486074619022595,0.06092305869376615,0.0,False
S5,2026-04-19,202,7,0.034653465346534656,0.9653465346534653,0.9729330186203631,0.025486074619022595,0.05875134592601558,0.0,False
S5,2026-04-20,175,3,0.017142857142857144,0.9828571428571429,0.974194614167673,0.025486074619022595,0.06122551354465494,0.0,False
S5,2026-04-21,167,4,0.023952095808383235,0.9760479041916168,0.9740381923174958,0.025486074619022595,0.06207153454095819,0.0,False
S5,2026-04-22,188,5,0.026595744680851064,0.973404255319149,0.9743204328732925,0.025486074619022595,0.059967707995313604,0.0,False
S5,2026-04-23,187,8,0.0427807486631016,0.9572192513368984,0.9709430053472582,0.025486074619022595,0.060059781946606085,0.0,False
S5,2026-04-24,182,1,0.005494505494505495,0.9945054945054945,0.976075235754214,0.025486074619022595,0.060531477789533536,0.0,False
S5,2026-04-25,150,2,0.013333333333333334,0.9866666666666667,0.9765781785043476,0.025486074619022595,0.06408908068295721,0.0,False
S5,2026-04-26,152,4,0.02631578947368421,0.9736842105263158,0.977769275057612,0.025486074619022595,0.06383427257776722,0.0,False
S5,2026-04-27,158,6,0.0379746835443038,0.9620253164556962,0.9747932998574054,0.025486074619022595,0.06309909515408532,0.0,False
S5,2026-04-28,196,3,0.015306122448979591,0.9846938775510204,0.9760284389087487,0.025486074619022595,0.059256670116952834,0.0,False
S5,2026-04-29,174,4,0.022988505747126436,0.9770114942528736,0.9765437587564236,0.025486074619022595,0.0613280659474882,0.0,False
S5,2026-04-30,150,5,0.03333333333333333,0.9666666666666667,0.977893389517819,0.025486074619022595,0.06408908068295721,0.0,False
S5,2026-05-01,171,2,0.011695906432748537,0.9883040935672515,0.9770074750980701,0.025486074619022595,0.06164110238290585,0.0,False
S5,2026-05-02,183,7,0.03825136612021858,0.9617486338797814,0.973447756128515,0.025486074619022595,0.06043559415384446,0.0,False
S5,2026-05-03,202,2,0.009900990099009901,0.9900990099009901,0.9757927274677541,0.025486074619022595,0.05875134592601558,0.0,False
S5,2026-05-04,167,6,0.03592814371257485,0.9640718562874252,0.9760850903008584,0.025486074619022595,0.06207153454095819,0.0,False
S5,2026-05-05,181,2,0.011049723756906077,0.988950276243094,0.976693147256869,0.025486074619022595,0.06062815494747203,0.0,False
S5,2026-05-06,152,2,0.013157894736842105,0.9868421052631579,0.9780975202583381,0.025486074619022595,0.06383427257776722,0.0,False
S5,2026-05-07,169,1,0.005917159763313609,0.9940828402366864,0.9820141164826266,0.025486074619022595,0.061854408232178235,0.0,False
S5,2026-05-08,185,8,0.043243243243243246,0.9567567567567568,0.9775073540811273,0.025486074619022595,0.06024616446867366,0.0,False
S5,2026-05-09,167,3,0.017964071856287425,0.9820359281437125,0.9804055389759748,0.025486074619022595,0.06207153454095819,0.0,False
S5,2026-05-10,182,8,0.04395604395604396,0.9560439560439561,0.9755405312821127,0.025486074619022595,0.060531477789533536,0.0,False
S5,2026-05-11,151,13,0.08609271523178808,0.9139072847682119,0.9683741639222251,0.025486074619022595,0.06396104382588545,0.0,True
S5,2026-05-12,157,11,0.07006369426751592,0.9299363057324841,0.9599435967064236,0.025486074619022595,0.06321869170560582,0.0,True
S5,2026-05-13,194,13,0.06701030927835051,0.9329896907216495,0.9522503946290654,0.025486074619022595,0.05943029900178845,0.0,True
S5,2026-05-14,206,9,0.043689320388349516,0.9563106796116505,0.9468543716826316,0.025486074619022595,0.05842679893299681,0.0,False
S5,2026-05-15,174,13,0.07471264367816093,0.9252873563218391,0.9423587430490719,0.025486074619022595,0.0613280659474882,0.0,True
S5,2026-05-16,209,14,0.06698564593301436,0.9330143540669856,0.935355661038111,0.025486074619022595,0.05818952772202704,0.0,True
S5,2026-05-17,162,11,0.06790123456790123,0.9320987654320988,0.9319349195221314,0.025486074619022595,0.06263183452325827,0.0,True
S5,2026-05-18,180,10,0.05555555555555555,0.9444444444444444,0.9362973709044502,0.025486074619022595,0.06072563663356543,0.0,False
S5,2026-05-19,173,10,0.057803468208092484,0.9421965317919075,0.9380488317700821,0.025486074619022595,0.06143150625298124,0.0,False
S5,2026-05-20,154,14,0.09090909090909091,0.9090909090909091,0.9346347201085479,0.025486074619022595,0.06358444452448461,0.0,True
S5,2026-05-21,174,10,0.05747126436781609,0.9425287356321839,0.9326658709686241,0.025486074619022595,0.0613280659474882,0.0,False
S5,2026-05-22,179,8,0.0446927374301676,0.9553072625698324,0.9369544290040518,0.025486074619022595,0.06082393406861963,0.0,False
S5,2026-05-23,172,14,0.08139534883720931,0.9186046511627907,0.934895900017738,0.025486074619022595,0.061535847348027986,0.0,True
S5,2026-05-24,194,15,0.07731958762886598,0.9226804123711341,0.9335504210090289,0.025486074619022595,0.05943029900178845,0.0,True
S5,2026-05-25,204,10,0.049019607843137254,0.9509803921568627,0.9344841278250886,0.025486074619022595,0.058587879230084974,0.0,False
S5,2026-05-26,183,8,0.04371584699453552,0.9562841530054644,0.936496645141311,0.025486074619022595,0.06043559415384446,0.0,False
S5,2026-05-27,173,12,0.06936416184971098,0.930635838150289,0.9395744921497939,0.025486074619022595,0.06143150625298124,0.0,True
S5,2026-05-28,192,13,0.06770833333333333,0.9322916666666666,0.9381120537261486,0.025486074619022595,0.05960663382151457,0.0,True
S5,2026-05-29,175,11,0.06285714285714286,0.9371428571428572,0.9355171386651521,0.025486074619022595,0.06122551354465494,0.0,True
S5,2026-05-30,189,13,0.06878306878306878,0.9312169312169312,0.9373188929586007,0.025486074619022595,0.059876365759689305,0.0,True
S6,2026-04-01,168,3,0.017857142857142856,0.9821428571428571,0.9821428571428571,0.02097535395909806,0.05414326160235365,0.0,False
S6,2026-04-02,206,6,0.02912621359223301,0.970873786407767,0.9765083217753121,0.02097535395909806,0.05092826979107286,0.0,False
S6,2026-04-03,161,2,0.012422360248447204,0.9875776397515528,0.9801980944340589,0.02097535395909806,0.054856631550607264,0.0,False
S6,2026-04-04,173,5,0.028901734104046242,0.9710982658959537,0.9779231372995326,0.02097535395909806,0.053660442423264565,0.0,False
S6,2026-04-05,209,7,0.03349282296650718,0.9665071770334929,0.9756399452463247,0.02097535395909806,0.05071251968965468,0.0,False
S6,2026-04-06,193,5,0.025906735751295335,0.9740932642487047,0.9753821650800547,0.02097535395909806,0.05192060867567908,0.0,False
S6,2026-04-07,156,4,0.02564102564102564,0.9743589743589743,0.9752359949770433,0.02097535395909806,0.05539531838499647,0.0,False
S6,2026-04-08,167,3,0.017964071856287425,0.9820359281437125,0.975220719405737,0.02097535395909806,0.0542424184981417,0.0,False
S6,2026-04-09,150,5,0.03333333333333333,0.9666666666666667,0.9746197022998653,0.02097535395909806,0.056076968012063154,0.0,False
S6,2026-04-10,186,4,0.021505376344086023,0.978494623655914,0.9733221285719169,0.02097535395909806,0.052497533927148475,0.0,False
S6,2026-04-11,183,5,0.0273224043715847,0.9726775956284153,0.9735477471051258,0.02097535395909806,0.05275486211491553,0.0,False
S6,2026-04-12,208,3,0.014423076923076924,0.9855769230769231,0.9762719965399015,0.02097535395909806,0.05078391754928274,0.0,False
S6,2026-04-13,179,3,0.01675977653631285,0.9832402234636871,0.9775787049991848,0.02097535395909806,0.053107978599865505,0.0,False
S6,2026-04-14,194,5,0.02577319587628866,0.9742268041237113,0.9775598235370042,0.02097535395909806,0.05184074982069825,0.0,False
S6,2026-04-15,177,4,0.022598870056497175,0.9774011299435028,0.976897709508403,0.02097535395909806,0.05328900890352082,0.0,False
S6,2026-04-16,183,2,0.01092896174863388,0.9890710382513661,0.9800983340205028,0.02097535395909806,0.05275486211491553,0.0,False
S6,2026-04-17,166,4,0.024096385542168676,0.9759036144578314,0.9797281898493482,0.02097535395909806,0.05434247004597024,0.0,False
S6,2026-04-18,203,2,0.009852216748768473,0.9901477832512315,0.9822239309383219,0.02097535395909806,0.051148785031847444,0.0,False
S6,2026-04-19,159,1,0.006289308176100629,0.9937106918238994,0.9833858979021757,0.02097535395909806,0.05506905543466412,0.0,False
S6,2026-04-20,187,2,0.0106951871657754,0.9893048128342246,0.9842522678122526,0.02097535395909806,0.052413137042183464,0.0,False
S6,2026-04-21,206,5,0.024271844660194174,0.9757281553398058,0.9844667465574088,0.02097535395909806,0.05092826979107286,0.0,False
S6,2026-04-22,151,0,0.0,1.0,0.9876951565654798,0.02097535395909806,0.05596054442748418,0.0,False
S6,2026-04-23,183,4,0.02185792349726776,0.9781420765027322,0.986133876315675,0.02097535395909806,0.05275486211491553,0.0,False
S6,2026-04-24,162,5,0.030864197530864196,0.9691358024691358,0.9851670460315756,0.02097535395909806,0.05475189782988097,0.0,False
S6,2026-04-25,192,5,0.026041666666666668,0.9739583333333334,0.9828542674718758,0.02097535395909806,0.05200109061840385,0.0,False
S6,2026-04-26,168,2,0.011904761904761904,0.9880952380952381,0.9820520597963529,0.02097535395909806,0.05414326160235365,0.0,False
S6,2026-04-27,164,5,0.03048780487804878,0.9695121951219512,0.9792245429803138,0.02097535395909806,0.054545311525759116,0.0,False
S6,2026-04-28,155,2,0.012903225806451613,0.9870967741935484,0.9808486313879914,0.02097535395909806,0.05550617201957543,0.0,False
S6,2026-04-29,180,3,0.016666666666666666,0.9833333333333333,0.978467679007039,0.02097535395909806,0.05301859699518026,0.0,False
S6,2026-04-30,195,5,0.02564102564102564,0.9743589743589743,0.9779272358436449,0.02097535395909806,0.051761506054871405,0.0,False
S6,2026-05-01,193,5,0.025906735751295335,0.9740932642487047,0.9786354446692976,0.02097535395909806,0.05192060867567908,0.0,False
S6,2026-05-02,188,4,0.02127659574468085,0.9787234042553191,0.9793161690867241,0.02097535395909806,0.05232941443526401,0.0,False
S6,2026-05-03,157,1,0.006369426751592357,0.9936305732484076,0.9801069312514628,0.02097535395909806,0.055285525555267355,0.0,False
S6,2026-05-04,169,2,0.011834319526627219,0.9881656804733728,0.9827717148730943,0.02097535395909806,0.05404498610443339,0.0,False
S6,2026-05-05,190,6,0.031578947368421054,0.968421052631579,0.9801037546499558,0.02097535395909806,0.05216395649680805,0.0,False
S6,2026-05-06,157,1,0.006369426751592357,0.9936305732484076,0.9815747889235379,0.02097535395909806,0.055285525555267355,0.0,False
S6,2026-05-07,207,6,0.028985507246376812,0.9710144927536232,0.9810970058370592,0.02097535395909806,0.05085583216185766,0.0,False
S6,2026-05-08,191,4,0.020942408376963352,0.9790575916230366,0.9818061954619637,0.02097535395909806,0.052082203793842624,0.0,False
S6,2026-05-09,181,2,0.011049723756906077,0.988950276243094,0.9832671771745031,0.02097535395909806,0.05292995714892539,0.0,False
S6,2026-05-10,197,7,0.03553299492385787,0.9644670050761421,0.9791009531498936,0.02097535395909806,0.05160483250812443,0.0,False
S6,2026-05-11,150,1,0.006666666666666667,0.9933333333333333,0.9798391892727452,0.02097535395909806,0.056076968012063154,0.0,False
S6,2026-05-12,179,5,0.027932960893854747,0.9720670391061452,0.9803600444833974,0.02097535395909806,0.053107978599865505,0.0,False
S6,2026-05-13,193,1,0.0051813471502590676,0.9948186528497409,0.9805297701407307,0.02097535395909806,0.05192060867567908,0.0,False
S6,2026-05-14,160,4,0.025,0.975,0.9810991283187845,0.02097535395909806,0.05496234562213157,0.0,False
S6,2026-05-15,166,7,0.04216867469879518,0.9578313253012049,0.9780668045585229,0.02097535395909806,0.05434247004597024,0.0,False
S6,2026-05-16,191,6,0.031413612565445025,0.9685863874345549,0.9751576775858745,0.02097535395909806,0.052082203793842624,0.0,False
S6,2026-05-17,185,4,0.021621621621621623,0.9783783783783784,0.9771450166290511,0.02097535395909806,0.052582614189766196,0.0,False
S6,2026-05-18,173,3,0.017341040462427744,0.9826589595375722,0.9756201060867994,0.02097535395909806,0.053660442423264565,0.0,False
S6,2026-05-19,169,4,0.023668639053254437,0.9763313609467456,0.9762292949211709,0.02097535395909806,0.05404498610443339,0.0,False
S6,2026-05-20,156,2,0.01282051282051282,0.9871794871794872,0.9751379855397061,0.02097535395909806,0.05539531838499647,0.0,False
S6,2026-05-21,207,5,0.024154589371980676,0.9758454106280193,0.9752587584865662,0.02097535395909806,0.05085583216185766,0.0,False
S6,2026-05-22,174,5,0.028735632183908046,0.9712643678160919,0.9771777645601214,0.02097535395909806,0.05356638441972661,0.0,False
S6,2026-05-23,203,6,0.029556650246305417,0.9704433497536946,0.977443044891427,0.02097535395909806,0.051148785031847444,0.0,False
S6,2026-05-24,186,6,0.03225806451612903,0.967741935483871,0.9759235530493545,0.02097535395909806,0.052497533927148475,0.0,False
S6,2026-05-25,164,5,0.03048780487804878,0.9695121951219512,0.974045443847123,0.02097535395909806,0.054545311525759116,0.0,False
S6,2026-05-26,151,0,0.0,1.0,0.977426677997588,0.02097535395909806,0.05596054442748418,0.0,False
S6,2026-05-27,184,3,0.016304347826086956,0.9836956521739131,0.9769289872825059,0.02097535395909806,0.05266838710250026,0.0,False
S6,2026-05-28,197,7,0.03553299492385787,0.9644670050761421,0.9753035007750949,0.02097535395909806,0.05160483250812443,0.0,False
S6,2026-05-29,192,4,0.020833333333333332,0.9791666666666666,0.9764324006108912,0.02097535395909806,0.05200109061840385,0.0,False
S6,2026-05-30,175,4,0.022857142857142857,0.9771428571428571,0.9773894730950573,0.02097535395909806,0.0534731337837918,0.0,False
S7,2026-04-01,197,3,0.015228426395939087,0.9847715736040609,0.9847715736040609,0.020827698133621855,0.05135147983450708,0.0,False
S7,2026-04-02,182,10,0.054945054945054944,0.945054945054945,0.9649132593295029,0.020827698133621855,0.05258442677225784,0.0,True
S7,2026-04-03,171,5,0.029239766081871343,0.9707602339181287,0.9668622508590449,0.020827698133621855,0.05358992375373164,0.0,False
S7,2026-04-04,150,4,0.02666666666666667,0.9733333333333334,0.968480021477617,0.020827698133621855,0.055808182799283575,0.0,False
S7,2026-04-05,194,0,0.0,1.0,0.9747840171820936,0.020827698133621855,0.051586583038661746,0.0,False
S7,2026-04-06,196,1,0.00510204081632653,0.9948979591836735,0.9781363408490237,0.020827698133621855,0.05142924755723708,0.0,False
S7,2026-04-07,207,5,0.024154589371980676,0.9758454106280193,0.9778090651031659,0.020827698133621855,0.05060506415437266,0.0,False
S7,2026-04-08,207,3,0.014492753623188406,0.9855072463768116,0.9779141612135589,0.020827698133621855,0.05060506415437266,0.0,False
S7,2026-04-09,168,0,0.0,1.0,0.9857634547771381,0.020827698133621855,0.05388114926428232,0.0,False
S7,2026-04-10,171,4,0.023391812865497075,0.9766081871345029,0.9865988766651916,0.020827698133621855,0.05358992375373164,0.0,False
S7,2026-04-11,167,6,0.03592814371257485,0.9640718562874252,0.985275808515776,0.020827698133621855,0.053979963987370976,0.0,False
S7,2026-04-12,165,3,0.01818181818181818,0.9818181818181818,0.9826784059183735,0.020827698133621855,0.05418028161600942,0.0,False
S7,2026-04-13,151,3,0.019867549668874173,0.9801324503311258,0.9805690475108666,0.020827698133621855,0.05569216097165647,0.0,False
S7,2026-04-14,172,8,0.046511627906976744,0.9534883720930233,0.97737518486301,0.020827698133621855,0.05349454589306891,0.0,False
S7,2026-04-15,193,0,0.0,1.0,0.9794455782377512,0.020827698133621855,0.05166616631502788,0.0,False
S7,2026-04-16,163,3,0.018404907975460124,0.9815950920245399,0.9768163056698284,0.020827698133621855,0.054384274854239266,0.0,False
S7,2026-04-17,176,5,0.028409090909090908,0.9715909090909091,0.9760995516636006,0.020827698133621855,0.053121198228691754,0.0,False
S7,2026-04-18,157,4,0.025477707006369428,0.9745222929936306,0.9775924711930586,0.020827698133621855,0.0550194714687469,0.0,False
S7,2026-04-19,157,4,0.025477707006369428,0.9745222929936306,0.9765502013609798,0.020827698133621855,0.0550194714687469,0.0,False
S7,2026-04-20,151,4,0.026490066225165563,0.9735099337748344,0.9756041275672239,0.020827698133621855,0.05569216097165647,0.0,False
S7,2026-04-21,202,2,0.009900990099009901,0.9900990099009901,0.9808342186826478,0.020827698133621855,0.05097134318877954,0.0,False
S7,2026-04-22,177,7,0.03954802259887006,0.96045197740113,0.9751845011685235,0.020827698133621855,0.053029844438611556,0.0,False
S7,2026-04-23,155,3,0.01935483870967742,0.9806451612903225,0.9750487967779211,0.020827698133621855,0.05523935652159988,0.0,False
S7,2026-04-24,176,8,0.045454545454545456,0.9545454545454546,0.9726137318428562,0.020827698133621855,0.053121198228691754,0.0,False
S7,2026-04-25,164,5,0.03048780487804878,0.9695121951219512,0.9718980035754734,0.020827698133621855,0.054281811785364516,0.0,False
S7,2026-04-26,180,2,0.011111111111111112,0.9888888888888889,0.9739503744176531,0.020827698133621855,0.05276036567336599,0.0,False
S7,2026-04-27,209,0,0.0,1.0,0.9777346695926769,0.020827698133621855,0.05046224622785992,0.0,False
S7,2026-04-28,155,8,0.05161290322580645,0.9483870967741935,0.9717758248602772,0.020827698133621855,0.05523935652159988,0.0,False
S7,2026-04-29,200,3,0.015,0.985,0.9752826852315444,0.020827698133621855,0.05112168649077691,0.0,False
S7,2026-04-30,158,3,0.0189873417721519,0.9810126582278481,0.975335184794048,0.020827698133621855,0.054911097905050846,0.0,False
S7,2026-05-01,198,7,0.03535353535353535,0.9646464646464646,0.9767781862370495,0.020827698133621855,0.051274302007584975,0.0,False
S7,2026-05-02,192,4,0.020833333333333332,0.9791666666666666,0.9781573964577231,0.020827698133621855,0.051746370528973656,0.0,False
S7,2026-05-03,192,9,0.046875,0.953125,0.9730482694735961,0.020827698133621855,0.051746370528973656,0.0,False
S7,2026-05-04,181,3,0.016574585635359115,0.9834254143646409,0.9706804715256877,0.020827698133621855,0.052672031707355016,0.0,False
S7,2026-05-05,151,1,0.006622516556291391,0.9933774834437086,0.9771076696213328,0.020827698133621855,0.05569216097165647,0.0,False
S7,2026-05-06,150,0,0.0,1.0,0.9792505267641898,0.020827698133621855,0.055808182799283575,0.0,False
S7,2026-05-07,163,6,0.03680981595092025,0.9631901840490797,0.9767044590243658,0.020827698133621855,0.054384274854239266,0.0,False
S7,2026-05-08,161,3,0.018633540372670808,0.9813664596273292,0.9790930297359178,0.020827698133621855,0.054592057500529693,0.0,False
S7,2026-05-09,177,6,0.03389830508474576,0.9661016949152542,0.9772266052000018,0.020827698133621855,0.053029844438611556,0.0,False
S7,2026-05-10,166,6,0.03614457831325301,0.963855421686747,0.9787595225838227,0.020827698133621855,0.054079670275216055,0.0,False
S7,2026-05-11,201,1,0.004975124378109453,0.9950248756218906,0.9804165884777155,0.020827698133621855,0.051046234347819956,0.0,False
S7,2026-05-12,183,1,0.00546448087431694,0.994535519125683,0.9805820221465691,0.020827698133621855,0.05249754089496749,0.0,False
S7,2026-05-13,154,7,0.045454545454545456,0.9545454545454546,0.9740885156530625,0.020827698133621855,0.05535090189805136,0.0,False
S7,2026-05-14,198,6,0.030303030303030304,0.9696969696969697,0.975018056459904,0.020827698133621855,0.051274302007584975,0.0,False
S7,2026-05-15,167,7,0.041916167664670656,0.9580838323353293,0.9716919668467613,0.020827698133621855,0.053979963987370976,0.0,False
S7,2026-05-16,209,2,0.009569377990430622,0.9904306220095693,0.9751675278602348,0.020827698133621855,0.05046224622785992,0.0,False
S7,2026-05-17,182,7,0.038461538461538464,0.9615384615384616,0.974836533553337,0.020827698133621855,0.05258442677225784,0.0,False
S7,2026-05-18,180,2,0.011111111111111112,0.9888888888888889,0.973959964020051,0.020827698133621855,0.05276036567336599,0.0,False
S7,2026-05-19,180,3,0.016666666666666666,0.9833333333333333,0.972359651764001,0.020827698133621855,0.05276036567336599,0.0,False
S7,2026-05-20,152,3,0.019736842105263157,0.9802631578947368,0.976033609385327,0.020827698133621855,0.05557728598773676,0.0,False
S7,2026-05-21,196,4,0.02040816326530612,0.9795918367346939,0.9774471618192876,0.020827698133621855,0.05142924755723708,0.0,False
S7,2026-05-22,202,3,0.01485148514851485,0.9851485148514851,0.9813135450358812,0.020827698133621855,0.05097134318877954,0.0,False
S7,2026-05-23,200,3,0.015,0.985,0.9805377418916571,0.020827698133621855,0.05112168649077691,0.0,False
S7,2026-05-24,159,1,0.006289308176100629,0.9937106918238994,0.9851337747895768,0.020827698133621855,0.054803748347784155,0.0,False
S7,2026-05-25,161,1,0.006211180124223602,0.9937888198757764,0.9858337649305607,0.020827698133621855,0.054592057500529693,0.0,False
S7,2026-05-26,165,5,0.030303030303030304,0.9696969696969697,0.9838857129825087,0.020827698133621855,0.05418028161600942,0.0,False
S7,2026-05-27,160,5,0.03125,0.96875,0.9822409761404035,0.020827698133621855,0.05469740677171479,0.0,False
S7,2026-05-28,170,5,0.029411764705882353,0.9705882352941176,0.9809547473631783,0.020827698133621855,0.053686141950975284,0.0,False
S7,2026-05-29,153,2,0.013071895424836602,0.9869281045751634,0.9812089744665611,0.020827698133621855,0.05546353907746004,0.0,False
S7,2026-05-30,202,4,0.019801980198019802,0.9801980198019802,0.9805229772954153,0.020827698133621855,0.05097134318877954,0.0,False
S8,2026-04-01,170,7,0.041176470588235294,0.9588235294117647,0.9588235294117647,0.02107228594291811,0.054118973271117546,0.0,False
S8,2026-04-02,206,3,0.014563106796116505,0.9854368932038835,0.9721302113078241,0.02107228594291811,0.05109284543303458,0.0,False
S8,2026-04-03,198,2,0.010101010101010102,0.98989898989899,0.9780531375048794,0.02107228594291811,0.05169331608120557,0.0,False
S8,2026-04-04,165,3,0.01818181818181818,0.9818181818181818,0.978994398583205,0.02107228594291811,0.05461594382448927,0.0,False
S8,2026-04-05,175,4,0.022857142857142857,0.9771428571428571,0.9786240902951354,0.02107228594291811,0.053643456576077914,0.0,False
S8,2026-04-06,209,8,0.03827751196172249,0.9617224880382775,0.9758071565856591,0.02107228594291811,0.05087660809604353,0.0,False
S8,2026-04-07,203,6,0.029556650246305417,0.9704433497536946,0.975040898466807,0.02107228594291811,0.05131385867065347,0.0,False
S8,2026-04-08,185,3,0.016216216216216217,0.9837837837837837,0.9786066490913811,0.02107228594291811,0.05275092589226979,0.0,False
S8,2026-04-09,188,2,0.010638297872340425,0.9893617021276596,0.979167336080492,0.02107228594291811,0.0524971543284075,0.0,False
S8,2026-04-10,180,5,0.027777777777777776,0.9722222222222222,0.9766420835552395,0.02107228594291811,0.05318789329203889,0.0,False
S8,2026-04-11,164,1,0.006097560975609756,0.9939024390243902,0.9783684060132692,0.02107228594291811,0.054718055652417205,0.0,False
S8,2026-04-12,175,2,0.011428571428571429,0.9885714285714285,0.9800010590744938,0.02107228594291811,0.053643456576077914,0.0,False
S8,2026-04-13,181,1,0.0055248618784530384,0.994475138121547,0.9846800090863894,0.02107228594291811,0.05309905326749449,0.0,False
S8,2026-04-14,157,3,0.01910828025477707,0.9808917197452229,0.9861726333708934,0.02107228594291811,0.0554599413316922,0.0,False
S8,2026-04-15,208,5,0.02403846153846154,0.9759615384615384,0.9850551697534299,0.02107228594291811,0.050948167195813826,0.0,False
S8,2026-04-16,151,3,0.019867549668874173,0.9801324503311258,0.9837367052110679,0.02107228594291811,0.056136484621300886,0.0,False
S8,2026-04-17,171,2,0.011695906432748537,0.9883040935672515,0.986034115403215,0.02107228594291811,0.05402220384718291,0.0,False
S8,2026-04-18,175,5,0.02857142857142857,0.9714285714285714,0.9828235628895265,0.02107228594291811,0.053643456576077914,0.0,False
S8,2026-04-19,153,5,0.032679738562091505,0.9673202614379085,0.9797876818704523,0.02107228594291811,0.05590655296976295,0.0,False
S8,2026-04-20,150,3,0.02,0.98,0.9777198049959456,0.02107228594291811,0.056253171129102386,0.0,False
S8,2026-04-21,185,6,0.032432432432432434,0.9675675675675676,0.975816354684852,0.02107228594291811,0.05275092589226979,0.0,False
S8,2026-04-22,197,7,0.03553299492385787,0.9644670050761421,0.9741742784869382,0.02107228594291811,0.051770936053993744,0.0,False
S8,2026-04-23,192,2,0.010416666666666666,0.9895833333333334,0.9755244046301106,0.02107228594291811,0.05216808904703843,0.0,False
S8,2026-04-24,194,3,0.015463917525773196,0.9845360824742269,0.9749861173311071,0.02107228594291811,0.05200738614641882,0.0,False
S8,2026-04-25,188,5,0.026595744680851064,0.973404255319149,0.9752683578869039,0.02107228594291811,0.0524971543284075,0.0,False
S8,2026-04-26,206,7,0.03398058252427184,0.9660194174757282,0.9750825230351639,0.02107228594291811,0.05109284543303458,0.0,False
S8,2026-04-27,172,5,0.029069767441860465,0.9709302325581395,0.973786841972041,0.02107228594291811,0.053926279574053174,0.0,False
S8,2026-04-28,171,1,0.005847953216374269,0.9941520467836258,0.9775846247171921,0.02107228594291811,0.05402220384718291,0.0,False
S8,2026-04-29,167,2,0.011976047904191617,0.9880239520958084,0.9809499028628588,0.02107228594291811,0.05441447859148135,0.0,False
S8,2026-04-30,191,1,0.005235602094240838,0.9947643979057592,0.9816900549446339,0.02107228594291811,0.052249385403037696,0.0,False
S8,2026-05-01,163,3,0.018404907975460124,0.9815950920245399,0.9812699134518214,0.02107228594291811,0.054821105724374763,0.0,False
S8,2026-05-02,176,7,0.03977272727272727,0.9602272727272727,0.9793874873672677,0.02107228594291811,0.05355079302946919,0.0,False
S8,2026-05-03,159,3,0.018867924528301886,0.9811320754716981,0.9815464385095491,0.02107228594291811,0.055242982349473016,0.0,False
S8,2026-05-04,161,4,0.024844720496894408,0.9751552795031055,0.9821500166445442,0.02107228594291811,0.05503007874154971,0.0,False
S8,2026-05-05,192,2,0.010416666666666666,0.9895833333333334,0.9814973432945024,0.02107228594291811,0.05216808904703843,0.0,False
S8,2026-05-06,202,5,0.024752475247524754,0.9752475247524752,0.979672139388312,0.02107228594291811,0.0513886216345046,0.0,False
S8,2026-05-07,193,5,0.025906735751295335,0.9740932642487047,0.9767191202944471,0.02107228594291811,0.052087425349286856,0.0,False
S8,2026-05-08,200,3,0.015,0.985,0.9772055357195129,0.02107228594291811,0.05153982624177733,0.0,False
S8,2026-05-09,171,5,0.029239766081871343,0.9707602339181287,0.9787102444610636,0.02107228594291811,0.05402220384718291,0.0,False
S8,2026-05-10,192,7,0.036458333333333336,0.9635416666666666,0.9761973289174878,0.02107228594291811,0.05216808904703843,0.0,False
S8,2026-05-11,163,6,0.03680981595092025,0.9631901840490797,0.9744880295669126,0.02107228594291811,0.054821105724374763,0.0,False
S8,2026-05-12,195,9,0.046153846153846156,0.9538461538461538,0.9693827182116012,0.02107228594291811,0.05192796342178091,0.0,False
S8,2026-05-13,181,3,0.016574585635359115,0.9834254143646409,0.9705509881561963,0.02107228594291811,0.05309905326749449,0.0,False
S8,2026-05-14,182,4,0.02197802197802198,0.978021978021978,0.9711122329809497,0.02107228594291811,0.05301094645042621,0.0,False
S8,2026-05-15,165,4,0.024242424242424242,0.9757575757575757,0.9697918866606033,0.02107228594291811,0.05461594382448927,0.0,False
S8,2026-05-16,187,7,0.0374331550802139,0.9625668449197861,0.968621402517983,0.02107228594291811,0.05258106600885265,0.0,False
S8,2026-05-17,179,9,0.05027932960893855,0.9497206703910615,0.9666469744786107,0.02107228594291811,0.05327747675015121,0.0,False
S8,2026-05-18,198,5,0.025252525252525252,0.9747474747474747,0.968298016006953,0.02107228594291811,0.05169331608120557,0.0,False
S8,2026-05-19,150,5,0.03333333333333333,0.9666666666666667,0.9701295178384548,0.02107228594291811,0.056253171129102386,0.0,False
S8,2026-05-20,181,2,0.011049723756906077,0.988950276243094,0.970918783821091,0.02107228594291811,0.05309905326749449,0.0,False
S8,2026-05-21,185,5,0.02702702702702703,0.972972972972973,0.9701974973855189,0.02107228594291811,0.05275092589226979,0.0,False
S8,2026-05-22,208,3,0.014423076923076924,0.9855769230769231,0.9716002612882828,0.02107228594291811,0.050948167195813826,0.0,False
S8,2026-05-23,202,6,0.0297029702970297,0.9702970297029703,0.9727045734001661,0.02107228594291811,0.0513886216345046,0.0,False
S8,2026-05-24,166,0,0.0,1.0,0.9798873347728717,0.02107228594291811,0.05451475608902162,0.0,False
S8,2026-05-25,204,5,0.024509803921568627,0.9754901960784313,0.9799934378201512,0.02107228594291811,0.051239646110376375,0.0,False
S8,2026-05-26,189,2,0.010582010582010581,0.9894179894179894,0.9832436267846258,0.02107228594291811,0.05241390949771152,0.0,False
S8,2026-05-27,171,2,0.011695906432748537,0.9883040935672515,0.9831513149737913,0.02107228594291811,0.05402220384718291,0.0,False
S8,2026-05-28,176,4,0.022727272727272728,0.9772727272727273,0.9837655655880418,0.02107228594291811,0.05355079302946919,0.0,False
S8,2026-05-29,202,8,0.039603960396039604,0.9603960396039604,0.9801682965204757,0.02107228594291811,0.0513886216345046,0.0,False
S8,2026-05-30,156,3,0.019230769230769232,0.9807692307692307,0.9816643252442272,0.02107228594291811,0.055569982110191374,0.0,False
S9,2026-04-01,208,5,0.02403846153846154,0.9759615384615384,0.9759615384615384,0.01966364812419146,0.04854444604357659,0.0,False
S9,2026-04-02,202,3,0.01485148514851485,0.9851485148514851,0.9805550266565117,0.01966364812419146,0.04897023015782064,0.0,False
S9,2026-04-03,175,8,0.045714285714285714,0.9542857142857143,0.9717985891995792,0.01966364812419146,0.05114996275676568,0.0,False
S9,2026-04-04,202,6,0.0297029702970297,0.9702970297029703,0.971423199325427,0.01966364812419146,0.04897023015782064,0.0,False
S9,2026-04-05,163,3,0.018404907975460124,0.9815950920245399,0.9734575778652497,0.01966364812419146,0.052288387654896525,0.0,False
S9,2026-04-06,178,4,0.02247191011235955,0.9775280898876404,0.9741359965356481,0.01966364812419146,0.0508835011422717,0.0,False
S9,2026-04-07,178,5,0.028089887640449437,0.9719101123595506,0.9738180130819198,0.01966364812419146,0.0508835011422717,0.0,False
S9,2026-04-08,199,2,0.010050251256281407,0.9899497487437185,0.975816328836517,0.01966364812419146,0.04919030770717549,0.0,False
S9,2026-04-09,171,3,0.017543859649122806,0.9824561403508771,0.9754317039078587,0.01966364812419146,0.05151609499924946,0.0,False
S9,2026-04-10,200,3,0.015,0.985,0.9798194590098995,0.01966364812419146,0.0491163985560064,0.0,False
S9,2026-04-11,178,4,0.02247191011235955,0.9775280898876404,0.9808524676077096,0.01966364812419146,0.0508835011422717,0.0,False
S9,2026-04-12,199,1,0.005025125628140704,0.9949748743718593,0.9827638650858981,0.01966364812419146,0.04919030770717549,0.0,False
S9,2026-04-13,158,2,0.012658227848101266,0.9873417721518988,0.9841658196950779,0.01966364812419146,0.052800581284020175,0.0,False
S9,2026-04-14,161,1,0.006211180124223602,0.9937888198757764,0.987291349340253,0.01966364812419146,0.05249040035633102,0.0,False
S9,2026-04-15,190,6,0.031578947368421054,0.968421052631579,0.984215821324233,0.01966364812419146,0.049881532476600265,0.0,False
S9,2026-04-16,175,5,0.02857142857142857,0.9714285714285714,0.9826404543353321,0.01966364812419146,0.05114996275676568,0.0,False
S9,2026-04-17,165,5,0.030303030303030304,0.9696969696969697,0.980454307149185,0.01966364812419146,0.052090059132929474,0.0,False
S9,2026-04-18,195,4,0.020512820512820513,0.9794871794871794,0.9807341770919763,0.01966364812419146,0.049491607955380906,0.0,False
S9,2026-04-19,204,2,0.00980392156862745,0.9901960784313726,0.980051491957621,0.01966364812419146,0.04882621659815821,0.0,False
S9,2026-04-20,206,3,0.014563106796116505,0.9854368932038835,0.9797793663936188,0.01966364812419146,0.04868430544712475,0.0,False
S9,2026-04-21,158,1,0.006329113924050633,0.9936708860759493,0.9797625187079292,0.01966364812419146,0.052800581284020175,0.0,False
S9,2026-04-22,151,2,0.013245033112582781,0.9867549668874173,0.9823816493159062,0.01966364812419146,0.05355995490300455,0.0,False
S9,2026-04-23,156,2,0.01282051282051282,0.9871794871794872,0.9846317801374657,0.01966364812419146,0.05301232103052784,0.0,False
S9,2026-04-24,190,4,0.021052631578947368,0.9789473684210527,0.9859532656694775,0.01966364812419146,0.049881532476600265,0.0,False
S9,2026-04-25,183,5,0.0273224043715847,0.9726775956284153,0.9849804679753682,0.01966364812419146,0.05045404667019297,0.0,False
S9,2026-04-26,164,3,0.018292682926829267,0.9817073170731707,0.9837677877813393,0.01966364812419146,0.05218876989706065,0.0,False
S9,2026-04-27,178,1,0.0056179775280898875,0.9943820224719101,0.9850456633910575,0.01966364812419146,0.0508835011422717,0.0,False
S9,2026-04-28,195,4,0.020512820512820513,0.9794871794871794,0.9830194195926618,0.01966364812419146,0.049491607955380906,0.0,False
S9,2026-04-29,169,3,0.01775147928994083,0.9822485207100592,0.9823756415673249,0.01966364812419146,0.0517040166702397,0.0,False
S9,2026-04-30,160,0,0.0,1.0,0.9842071433988268,0.01966364812419146,0.0525928241691287,0.0,False
S9,2026-05-01,166,3,0.018072289156626505,0.9819277108433735,0.9846329066020154,0.01966364812419146,0.05199224168228346,0.0,False
S9,2026-05-02,184,3,0.016304347826086956,0.9836956521739131,0.9862069146799437,0.01966364812419146,0.0503702631174872,0.0,False
S9,2026-05-03,188,3,0.015957446808510637,0.9840425531914894,0.9865405198397035,0.01966364812419146,0.05004184068032324,0.0,False
S9,2026-05-04,176,1,0.005681818181818182,0.9943181818181818,0.9865313997463138,0.01966364812419146,0.05106038557772125,0.0,False
S9,2026-05-05,158,2,0.012658227848101266,0.9873417721518988,0.9876534844127022,0.01966364812419146,0.052800581284020175,0.0,False
S9,2026-05-06,153,4,0.026143790849673203,0.9738562091503268,0.9864545827613119,0.01966364812419146,0.05333768164160265,0.0,False
S9,2026-05-07,180,7,0.03888888888888889,0.9611111111111111,0.9808990272057564,0.01966364812419146,0.05070957303120578,0.0,False
S9,2026-05-08,172,6,0.03488372093023256,0.9651162790697675,0.9784973940952412,0.01966364812419146,0.051423365699505195,0.0,False
S9,2026-05-09,176,1,0.005681818181818182,0.9943181818181818,0.9800148983301368,0.01966364812419146,0.05106038557772125,0.0,False
S9,2026-05-10,169,3,0.01775147928994083,0.9822485207100592,0.9797586079756467,0.01966364812419146,0.0517040166702397,0.0,False
S9,2026-05-11,184,7,0.03804347826086957,0.9619565217391304,0.9751355136786393,0.01966364812419146,0.0503702631174872,0.0,False
S9,2026-05-12,208,4,0.019230769230769232,0.9807692307692307,0.974196579195401,0.01966364812419146,0.04854444604357659,0.0,False
S9,2026-05-13,182,3,0.016483516483516484,0.9835164835164835,0.9755766183905663,0.01966364812419146,0.05053851980161799,0.0,False
S9,2026-05-14,158,2,0.012658227848101266,0.9873417721518988,0.9793238556821073,0.01966364812419146,0.052800581284020175,0.0,False
S9,2026-05-15,194,3,0.015463917525773196,0.9845360824742269,0.9820981133113158,0.01966364812419146,0.0495683853277723,0.0,False
S9,2026-05-16,197,4,0.02030456852791878,0.9796954314720813,0.9800091489761587,0.01966364812419146,0.049339810736798974,0.0,False
S9,2026-05-17,196,5,0.025510204081632654,0.9744897959183674,0.9789007597202026,0.01966364812419146,0.049415418916950546,0.0,False
S9,2026-05-18,177,2,0.011299435028248588,0.9887005649717514,0.9827213373248628,0.01966364812419146,0.05097156860359058,0.0,False
S9,2026-05-19,179,4,0.0223463687150838,0.9776536312849162,0.9822762516842465,0.01966364812419146,0.05079617271101977,0.0,False
S9,2026-05-20,170,2,0.011764705882352941,0.9882352941176471,0.9829503674844127,0.01966364812419146,0.05160964130015265,0.0,False
S9,2026-05-21,177,5,0.02824858757062147,0.9717514124293786,0.9807231732383385,0.01966364812419146,0.05097156860359058,0.0,False
S9,2026-05-22,154,4,0.025974025974025976,0.974025974025974,0.9792217291743023,0.01966364812419146,0.05322817229950627,0.0,False
S9,2026-05-23,168,7,0.041666666666666664,0.9583333333333334,0.9761700008687669,0.01966364812419146,0.05179923342858081,0.0,False
S9,2026-05-24,152,0,0.0,1.0,0.9798143157375715,0.01966364812419146,0.0534482698982981,0.0,False
S9,2026-05-25,189,2,0.010582010582010581,0.9894179894179894,0.979916804944177,0.01966364812419146,0.049961368505701424,0.0,False
S9,2026-05-26,166,3,0.018072289156626505,0.9819277108433735,0.9805273877382424,0.01966364812419146,0.05199224168228346,0.0,False
S9,2026-05-27,188,1,0.005319148936170213,0.9946808510638298,0.981448181587697,0.01966364812419146,0.05004184068032324,0.0,False
S9,2026-05-28,181,6,0.03314917127071823,0.9668508287292817,0.9807480982019688,0.01966364812419146,0.0506236920232348,0.0,False
S9,2026-05-29,171,2,0.011695906432748537,0.9883040935672515,0.9827878295650085,0.01966364812419146,0.05151609499924946,0.0,False
S9,2026-05-30,207,6,0.028985507246376812,0.9710144927536232,0.984599423767907,0.01966364812419146,0.048614122376250034,0.0,False
