station_id,line_id,n_first_pass,fpy_overall,rolling_fpy_latest,cpk_overall,cpk_recent,defects,spc_violations,spc_first_violation,status
S1,LINE-A,10665,0.9808,0.9798,1.47,1.474,205,0,,OK
S2,LINE-A,10540,0.9763,0.9849,1.479,1.512,250,1,2026-05-09,WATCH
S3,LINE-A,10492,0.9607,0.887,0.678,0.514,412,11,2026-05-13,ALERT
S4,LINE-B,11033,0.9729,0.9705,1.472,1.494,299,0,,OK
S5,LINE-B,10697,0.9619,0.9373,1.478,1.477,408,13,2026-05-11,ALERT
S6,LINE-B,10749,0.9785,0.9774,1.484,1.48,231,0,,OK
S7,LINE-C,10576,0.978,0.9805,1.492,1.503,233,1,2026-04-02,WATCH
S8,LINE-C,10876,0.9772,0.9817,1.493,1.528,248,0,,OK
S9,LINE-C,10731,0.9809,0.9846,1.475,1.485,205,0,,OK
