NCR_NO,SERIAL_NO,DEFECT_CATEGORY,SEVERITY,DISPOSITION,OPENED_DT,CLOSED_DT,CAPA_NO,ORIGINATOR
NCR-2026-0001,s4-00-0152,MISSING COMPONENT,MINOR,REWORK,2026-04-01,2026-04-17,,QE-101
NCR-2026-0002,s4-00-0041,SURFACE FINISH,MINOR,REWORK,2026-04-01,2026-04-07,,QE-101
NCR-2026-0003,s5-00-0062,MISSING COMPONENT,MINOR,REWORK,2026-04-01,2026-04-15,,QE-100
NCR-2026-0004,s1-00-9999,SOLDER,MINOR,REWORK,2026-04-01,2026-04-03,,QE-102
NCR-2026-0005,s4-00-0054,LABELING,MINOR,USE AS IS,2026-04-01,2026-04-12,,QE-111
NCR-2026-0006,s2-00-0078,OTHER,MINOR,USE AS IS,2026-04-01,2026-04-05,,QE-106
NCR-2026-0007,s5-01-0126,SOLDER,MINOR,REWORK,2026-04-02,2026-04-20,,QE-101
NCR-2026-0008,s1-01-0060,MISSING COMPONENT,MINOR,REWORK,2026-04-02,2026-04-11,,QE-103
NCR-2026-0009,s8-01-0094,SOLDER,MINOR,REWORK,2026-04-02,2026-04-14,,QE-107
NCR-2026-0010,s7-01-0142,MISSING COMPONENT,MINOR,REWORK,2026-04-02,2026-04-20,,QE-108
NCR-2026-0011,s6-02-0090,SURFACE FINISH,MINOR,REWORK,2026-04-03,2026-04-07,,QE-103
NCR-2026-0012,s7-02-0102,MISSING COMPONENT,MINOR,REWORK,2026-04-03,2026-04-14,,QE-106
NCR-2026-0013,s9-02-9999,SOLDER,MAJOR,REWORK,2026-04-03,2026-04-10,CAPA-2012,QE-101
NCR-2026-0014,s1-02-0046,SOLDER,MINOR,REWORK,2026-04-03,2026-04-22,,QE-107
NCR-2026-0015,s6-03-0036,SOLDER,MINOR,REWORK,2026-04-04,2026-04-13,,QE-105
NCR-2026-0016,s1-03-0178,MISSING COMPONENT,MINOR,REWORK,2026-04-04,2026-04-08,,QE-102
NCR-2026-0017,s3-04-0123,MISSING COMPONENT,MINOR,REWORK,2026-04-05,2026-04-10,,QE-107
NCR-2026-0018,s6-04-0045,SURFACE FINISH,MINOR,REWORK,2026-04-05,2026-04-08,,QE-100
NCR-2026-0019,s4-04-0006,SOLDER,MINOR,REWORK,2026-04-05,2026-04-18,,QE-108
NCR-2026-0020,s5-04-0085,MISSING COMPONENT,MINOR,REWORK,2026-04-05,2026-04-16,,QE-111
NCR-2026-0021,s9-04-0127,SOLDER,MINOR,REWORK,2026-04-05,2026-04-07,,QE-103
NCR-2026-0022,s9-04-0024,MISSING COMPONENT,MINOR,REWORK,2026-04-05,2026-04-06,,QE-106
NCR-2026-0023,s3-04-0061,SOLDER,MINOR,REWORK,2026-04-05,2026-04-10,,QE-104
NCR-2026-0024,s4-05-0077,LABELING,MINOR,REWORK,2026-04-06,2026-04-08,,QE-102
NCR-2026-0025,s3-05-0158,SOLDER,MINOR,REWORK,2026-04-06,2026-04-23,,QE-104
NCR-2026-0026,s4-05-0123,OTHER,MINOR,REWORK,2026-04-06,2026-04-09,,QE-108
NCR-2026-0027,s9-05-0160,DIMENSIONAL,MINOR,REWORK,2026-04-06,2026-04-12,,QE-106
NCR-2026-0028,s2-05-0018,SOLDER,MINOR,REWORK,2026-04-06,2026-04-17,,QE-101
NCR-2026-0029,s9-06-0003,MISSING COMPONENT,MINOR,USE AS IS,2026-04-07,2026-04-14,,QE-106
NCR-2026-0030,s6-06-0120,SOLDER,MINOR,REWORK,2026-04-07,2026-04-19,,QE-100
NCR-2026-0031,s1-06-0102,SURFACE FINISH,MINOR,USE AS IS,2026-04-07,2026-04-27,,QE-102
NCR-2026-0032,s4-06-0003,SOLDER,MINOR,REWORK,2026-04-07,2026-04-20,,QE-104
NCR-2026-0033,s7-06-0111,SOLDER,MINOR,REWORK,2026-04-07,2026-04-10,,QE-100
NCR-2026-0034,s9-06-0116,MISSING COMPONENT,MINOR,REWORK,2026-04-07,2026-04-23,,QE-100
NCR-2026-0035,s1-07-0120,MISSING COMPONENT,MINOR,REWORK,2026-04-08,2026-04-27,,QE-108
NCR-2026-0036,s4-07-0130,SOLDER,MINOR,REWORK,2026-04-08,2026-04-21,,QE-101
NCR-2026-0037,s3-07-0096,SOLDER,MINOR,REWORK,2026-04-08,2026-04-10,,QE-107
NCR-2026-0038,s1-07-0016,SOLDER,MINOR,REWORK,2026-04-08,2026-04-16,,QE-110
NCR-2026-0039,s9-07-0101,LABELING,MINOR,REWORK,2026-04-08,2026-04-21,,QE-106
NCR-2026-0040,s2-08-0111,SOLDER,MAJOR,SCRAP,2026-04-09,2026-04-29,CAPA-2039,QE-101
NCR-2026-0041,s2-08-0015,SOLDER,MINOR,REWORK,2026-04-09,2026-04-15,,QE-100
NCR-2026-0042,s4-08-0062,MISSING COMPONENT,MINOR,REWORK,2026-04-09,2026-04-15,,QE-105
NCR-2026-0043,s6-08-0069,SURFACE FINISH,MINOR,USE AS IS,2026-04-09,2026-04-13,,QE-106
NCR-2026-0044,s1-08-0091,SURFACE FINISH,MINOR,REWORK,2026-04-09,2026-04-11,,QE-100
NCR-2026-0045,s3-09-0118,SOLDER,MAJOR,SCRAP,2026-04-10,2026-04-26,CAPA-2044,QE-106
NCR-2026-0046,s6-09-0032,SOLDER,MINOR,REWORK,2026-04-10,2026-04-19,,QE-102
NCR-2026-0047,s2-09-0037,MISSING COMPONENT,MINOR,REWORK,2026-04-10,2026-04-13,,QE-107
NCR-2026-0048,s1-09-0086,SOLDER,MINOR,REWORK,2026-04-10,2026-04-23,,QE-106
NCR-2026-0049,s1-09-0049,SOLDER,MINOR,USE AS IS,2026-04-10,2026-04-13,,QE-107
NCR-2026-0050,s5-09-0178,MISSING COMPONENT,MINOR,USE AS IS,2026-04-10,2026-04-25,,QE-111
NCR-2026-0051,s3-10-0024,SURFACE FINISH,MINOR,REWORK,2026-04-11,2026-04-23,,QE-107
NCR-2026-0052,s1-10-0185,SURFACE FINISH,MINOR,REWORK,2026-04-11,2026-04-24,,QE-109
NCR-2026-0053,s6-10-0170,SURFACE FINISH,MINOR,REWORK,2026-04-11,2026-04-16,,QE-111
NCR-2026-0054,s9-10-0048,SURFACE FINISH,MINOR,REWORK,2026-04-11,2026-05-01,,QE-100
NCR-2026-0055,s8-10-0011,MISSING COMPONENT,MINOR,REWORK,2026-04-11,2026-04-17,,QE-109
NCR-2026-0056,s3-10-0087,SOLDER,MINOR,REWORK,2026-04-11,2026-04-15,,QE-108
NCR-2026-0057,s5-10-0134,MISSING COMPONENT,MINOR,USE AS IS,2026-04-11,2026-05-01,,QE-107
NCR-2026-0058,s7-11-0043,MISSING COMPONENT,MINOR,USE AS IS,2026-04-12,2026-04-26,,QE-110
NCR-2026-0059,s3-11-0002,MISSING COMPONENT,MINOR,REWORK,2026-04-12,2026-04-18,,QE-108
NCR-2026-0060,s4-11-9999,SOLDER,MINOR,REWORK,2026-04-12,2026-04-23,,QE-107
NCR-2026-0061,s6-11-0096,SOLDER,MINOR,USE AS IS,2026-04-12,2026-04-30,,QE-105
NCR-2026-0062,s9-11-0018,MISSING COMPONENT,MINOR,REWORK,2026-04-12,2026-04-19,,QE-111
NCR-2026-0063,s4-11-0068,MISSING COMPONENT,MINOR,REWORK,2026-04-12,2026-04-27,,QE-106
NCR-2026-0064,s4-12-0149,MISSING COMPONENT,MAJOR,REWORK,2026-04-13,2026-04-19,CAPA-2063,QE-107
NCR-2026-0065,s4-12-9999,SURFACE FINISH,MINOR,REWORK,2026-04-13,2026-04-14,,QE-105
NCR-2026-0066,s5-12-0007,MISSING COMPONENT,MINOR,USE AS IS,2026-04-13,2026-04-14,,QE-103
NCR-2026-0067,s5-13-0069,SOLDER,MINOR,REWORK,2026-04-14,2026-04-23,,QE-106
NCR-2026-0068,s2-13-0052,MISSING COMPONENT,MINOR,REWORK,2026-04-14,2026-04-17,,QE-105
NCR-2026-0069,s4-13-0169,LABELING,MINOR,REWORK,2026-04-14,2026-04-15,,QE-100
NCR-2026-0070,s1-14-0112,SOLDER,MINOR,REWORK,2026-04-15,2026-04-30,,QE-102
NCR-2026-0071,s9-14-0016,SURFACE FINISH,MINOR,REWORK,2026-04-15,2026-04-18,,QE-106
NCR-2026-0072,s2-14-0181,MISSING COMPONENT,MINOR,REWORK,2026-04-15,2026-04-30,,QE-109
NCR-2026-0073,s9-14-0157,SURFACE FINISH,MINOR,REWORK,2026-04-15,2026-04-20,,QE-107
NCR-2026-0074,s2-15-0051,MISSING COMPONENT,MINOR,REWORK,2026-04-16,2026-04-18,,QE-103
NCR-2026-0075,s3-15-0138,SURFACE FINISH,MINOR,REWORK,2026-04-16,2026-04-21,,QE-102
NCR-2026-0076,s9-15-0007,LABELING,MAJOR,SCRAP,2026-04-16,2026-04-19,CAPA-2075,QE-104
NCR-2026-0077,s4-15-0032,MISSING COMPONENT,MINOR,REWORK,2026-04-16,2026-04-27,,QE-105
NCR-2026-0078,s5-15-0141,SOLDER,MINOR,REWORK,2026-04-16,2026-04-22,,QE-106
NCR-2026-0079,s5-16-0149,SOLDER,MINOR,REWORK,2026-04-17,2026-05-06,,QE-107
NCR-2026-0080,s1-16-9999,SOLDER,MAJOR,REWORK,2026-04-17,2026-04-30,CAPA-2079,QE-103
NCR-2026-0081,s5-16-9999,SOLDER,MINOR,REWORK,2026-04-17,2026-05-01,,QE-108
NCR-2026-0082,s9-16-9999,MISSING COMPONENT,MINOR,USE AS IS,2026-04-17,2026-04-21,,QE-110
NCR-2026-0083,s7-16-0030,LABELING,MINOR,REWORK,2026-04-17,2026-04-25,,QE-107
NCR-2026-0084,s4-16-0126,SOLDER,MINOR,USE AS IS,2026-04-17,2026-05-07,,QE-100
NCR-2026-0085,s9-17-0088,SOLDER,MINOR,REWORK,2026-04-18,2026-04-20,,QE-105
NCR-2026-0086,s7-17-0034,SURFACE FINISH,MINOR,REWORK,2026-04-18,2026-04-30,,QE-110
NCR-2026-0087,s4-17-0120,SOLDER,MAJOR,REWORK,2026-04-18,2026-04-29,CAPA-2086,QE-110
NCR-2026-0088,s8-17-0163,LABELING,MINOR,REWORK,2026-04-18,2026-04-28,,QE-106
NCR-2026-0089,s1-17-0102,SOLDER,MINOR,USE AS IS,2026-04-18,2026-04-28,,QE-107
NCR-2026-0090,s8-18-0027,SOLDER,MINOR,USE AS IS,2026-04-19,2026-05-02,,QE-110
NCR-2026-0091,s9-18-0196,MISSING COMPONENT,MINOR,REWORK,2026-04-19,2026-04-28,,QE-109
NCR-2026-0092,s1-18-0017,SOLDER,MINOR,USE AS IS,2026-04-19,2026-05-03,,QE-108
NCR-2026-0093,s3-18-0153,MISSING COMPONENT,MAJOR,REWORK,2026-04-19,2026-05-03,CAPA-2092,QE-104
NCR-2026-0094,s5-18-0016,SOLDER,MINOR,REWORK,2026-04-19,2026-04-30,,QE-111
NCR-2026-0095,s7-18-0086,MISSING COMPONENT,MINOR,REWORK,2026-04-19,2026-05-02,,QE-111
NCR-2026-0096,s3-18-0155,SOLDER,MINOR,USE AS IS,2026-04-19,2026-04-27,,QE-104
NCR-2026-0097,s7-18-0029,MISSING COMPONENT,MINOR,REWORK,2026-04-19,2026-04-29,,QE-106
NCR-2026-0098,s8-19-0044,SURFACE FINISH,MINOR,REWORK,2026-04-20,2026-05-01,,QE-106
NCR-2026-0099,s3-19-0033,MISSING COMPONENT,MAJOR,SCRAP,2026-04-20,2026-05-05,CAPA-2098,QE-109
NCR-2026-0100,s9-19-0055,LABELING,MINOR,REWORK,2026-04-20,2026-05-09,,QE-104
NCR-2026-0101,s5-19-0147,SOLDER,MAJOR,REWORK,2026-04-20,2026-04-28,CAPA-2100,QE-109
NCR-2026-0102,s3-19-0089,SOLDER,MINOR,REWORK,2026-04-20,2026-05-02,,QE-107
NCR-2026-0103,s4-20-0020,MISSING COMPONENT,MINOR,REWORK,2026-04-21,2026-05-06,,QE-105
NCR-2026-0104,s6-20-0131,SOLDER,MINOR,USE AS IS,2026-04-21,2026-04-30,,QE-105
NCR-2026-0105,s4-20-0042,MISSING COMPONENT,MINOR,REWORK,2026-04-21,2026-05-07,,QE-102
NCR-2026-0106,s4-20-0102,SURFACE FINISH,MINOR,REWORK,2026-04-21,2026-05-09,,QE-111
NCR-2026-0107,s6-20-0132,SURFACE FINISH,MINOR,REWORK,2026-04-21,2026-05-01,,QE-100
NCR-2026-0108,s2-20-0059,SOLDER,MINOR,REWORK,2026-04-21,2026-05-10,,QE-111
NCR-2026-0109,s4-20-0013,MISSING COMPONENT,MINOR,REWORK,2026-04-21,2026-04-30,,QE-111
NCR-2026-0110,s7-21-0072,SOLDER,MINOR,REWORK,2026-04-22,2026-05-09,,QE-102
NCR-2026-0111,s4-21-0010,MISSING COMPONENT,MINOR,USE AS IS,2026-04-22,2026-04-23,,QE-105
NCR-2026-0112,s3-21-9999,MISSING COMPONENT,MINOR,REWORK,2026-04-22,2026-04-25,,QE-110
NCR-2026-0113,s4-21-0013,SOLDER,MINOR,USE AS IS,2026-04-22,2026-04-28,,QE-102
NCR-2026-0114,s2-21-0074,MISSING COMPONENT,MINOR,REWORK,2026-04-22,2026-05-05,,QE-100
NCR-2026-0115,s8-21-0108,SOLDER,MAJOR,SCRAP,2026-04-22,2026-05-04,CAPA-2114,QE-100
NCR-2026-0116,s8-21-0178,MISSING COMPONENT,MINOR,REWORK,2026-04-22,2026-04-23,,QE-105
NCR-2026-0117,s2-21-0106,SOLDER,MINOR,REWORK,2026-04-22,2026-04-27,,QE-111
NCR-2026-0118,s2-22-0100,LABELING,MINOR,REWORK,2026-04-23,2026-04-30,,QE-103
NCR-2026-0119,s7-22-0060,MISSING COMPONENT,MINOR,REWORK,2026-04-23,2026-05-13,,QE-103
NCR-2026-0120,s5-22-0014,SURFACE FINISH,MINOR,USE AS IS,2026-04-23,2026-04-26,,QE-105
NCR-2026-0121,s2-23-0060,MISSING COMPONENT,MINOR,REWORK,2026-04-24,2026-04-30,,QE-107
NCR-2026-0122,s7-23-0144,MISSING COMPONENT,MINOR,USE AS IS,2026-04-24,2026-05-09,,QE-105
NCR-2026-0123,s9-24-0127,SOLDER,MINOR,REWORK,2026-04-25,2026-04-28,,QE-103
NCR-2026-0124,s3-24-0143,MISSING COMPONENT,MAJOR,REWORK,2026-04-25,2026-05-10,CAPA-2123,QE-107
NCR-2026-0125,s4-24-0065,SOLDER,MINOR,REWORK,2026-04-25,2026-04-29,,QE-103
NCR-2026-0126,s3-24-0039,SOLDER,MINOR,REWORK,2026-04-25,2026-05-01,,QE-101
NCR-2026-0127,s7-24-0110,SOLDER,MINOR,REWORK,2026-04-25,2026-05-11,,QE-107
NCR-2026-0128,s4-25-0145,LABELING,MINOR,REWORK,2026-04-26,2026-05-12,,QE-110
NCR-2026-0129,s9-25-0100,LABELING,MINOR,REWORK,2026-04-26,2026-05-06,,QE-100
NCR-2026-0130,s8-26-0069,SOLDER,MINOR,REWORK,2026-04-27,2026-05-13,,QE-107
NCR-2026-0131,s4-26-0017,LABELING,MINOR,REWORK,2026-04-27,2026-05-10,,QE-109
NCR-2026-0132,s9-27-0166,SOLDER,MINOR,REWORK,2026-04-28,2026-05-10,,QE-103
NCR-2026-0133,s7-27-0072,SOLDER,MAJOR,REWORK,2026-04-28,2026-05-16,CAPA-2132,QE-111
NCR-2026-0134,s5-28-0128,MISSING COMPONENT,MINOR,REWORK,2026-04-29,2026-05-15,,QE-109
NCR-2026-0135,s3-28-0166,LABELING,MINOR,REWORK,2026-04-29,2026-05-15,,QE-102
NCR-2026-0136,s4-28-0138,LABELING,MAJOR,SCRAP,2026-04-29,2026-05-06,CAPA-2135,QE-110
NCR-2026-0137,s2-28-0000,MISSING COMPONENT,MINOR,REWORK,2026-04-29,2026-05-06,,QE-111
NCR-2026-0138,s7-28-0003,SOLDER,MINOR,REWORK,2026-04-29,2026-05-01,,QE-110
NCR-2026-0139,s2-29-0173,MISSING COMPONENT,MINOR,REWORK,2026-04-30,2026-05-19,,QE-108
NCR-2026-0140,s5-29-9999,SOLDER,MINOR,REWORK,2026-04-30,2026-05-15,,QE-101
NCR-2026-0141,s6-29-0118,MISSING COMPONENT,MINOR,REWORK,2026-04-30,2026-05-09,,QE-109
NCR-2026-0142,s2-29-0175,MISSING COMPONENT,MINOR,REWORK,2026-04-30,2026-05-08,,QE-106
NCR-2026-0143,s6-29-0116,SOLDER,MINOR,REWORK,2026-04-30,2026-05-09,,QE-110
NCR-2026-0144,s6-29-0162,OTHER,MINOR,REWORK,2026-04-30,2026-05-12,,QE-108
NCR-2026-0145,s2-29-0066,MISSING COMPONENT,MINOR,REWORK,2026-04-30,2026-05-19,,QE-103
NCR-2026-0146,s7-30-0065,SOLDER,MINOR,REWORK,2026-05-01,2026-05-03,,QE-106
NCR-2026-0147,s7-30-0037,SOLDER,MINOR,REWORK,2026-05-01,2026-05-03,,QE-101
NCR-2026-0148,s3-30-0089,SOLDER,MINOR,USE AS IS,2026-05-01,2026-05-06,,QE-100
NCR-2026-0149,s4-30-0039,SURFACE FINISH,MINOR,REWORK,2026-05-01,2026-05-06,,QE-100
NCR-2026-0150,s8-30-0080,MISSING COMPONENT,MINOR,REWORK,2026-05-01,2026-05-18,,QE-111
NCR-2026-0151,s1-30-0151,SOLDER,MAJOR,SCRAP,2026-05-01,2026-05-11,CAPA-2150,QE-107
NCR-2026-0152,s5-31-0132,MISSING COMPONENT,MINOR,REWORK,2026-05-02,2026-05-05,,QE-104
NCR-2026-0153,s8-31-0116,SOLDER,MAJOR,REWORK,2026-05-02,2026-05-20,CAPA-2152,QE-103
NCR-2026-0154,s2-31-0096,SOLDER,MINOR,REWORK,2026-05-02,2026-05-05,,QE-101
NCR-2026-0155,s7-31-0059,SOLDER,MINOR,USE AS IS,2026-05-02,2026-05-13,,QE-109
NCR-2026-0156,s3-32-0008,SOLDER,MAJOR,SCRAP,2026-05-03,2026-05-05,CAPA-2155,QE-102
NCR-2026-0157,s8-32-0144,MISSING COMPONENT,MINOR,REWORK,2026-05-03,2026-05-11,,QE-102
NCR-2026-0158,s4-32-0079,SOLDER,MINOR,REWORK,2026-05-03,2026-05-05,,QE-100
NCR-2026-0159,s7-32-0118,SOLDER,MINOR,REWORK,2026-05-03,2026-05-15,,QE-104
NCR-2026-0160,s7-33-9999,MISSING COMPONENT,MINOR,REWORK,2026-05-04,2026-05-13,,QE-107
NCR-2026-0161,s5-33-0109,SOLDER,MINOR,REWORK,2026-05-04,2026-05-14,,QE-109
NCR-2026-0162,s3-34-0174,MISSING COMPONENT,MINOR,USE AS IS,2026-05-05,2026-05-12,,QE-103
NCR-2026-0163,s9-34-0043,LABELING,MAJOR,SCRAP,2026-05-05,2026-05-08,CAPA-2162,QE-102
NCR-2026-0164,s9-35-0071,SURFACE FINISH,MINOR,REWORK,2026-05-06,2026-05-15,,QE-104
NCR-2026-0165,s4-36-0133,SOLDER,MINOR,REWORK,2026-05-07,2026-05-27,,QE-100
NCR-2026-0166,s6-36-0016,SOLDER,MINOR,REWORK,2026-05-07,2026-05-08,,QE-107
NCR-2026-0167,s7-36-0088,SOLDER,MAJOR,SCRAP,2026-05-07,2026-05-19,CAPA-2166,QE-109
NCR-2026-0168,s7-36-0065,SOLDER,MINOR,USE AS IS,2026-05-07,2026-05-23,,QE-106
NCR-2026-0169,s9-36-0027,SOLDER,MINOR,USE AS IS,2026-05-07,2026-05-16,,QE-105
NCR-2026-0170,s5-36-0048,SURFACE FINISH,MINOR,REWORK,2026-05-07,2026-05-14,,QE-101
NCR-2026-0171,s3-36-0060,SOLDER,MINOR,REWORK,2026-05-07,2026-05-20,,QE-100
NCR-2026-0172,s9-37-0005,MISSING COMPONENT,MINOR,REWORK,2026-05-08,2026-05-22,,QE-103
NCR-2026-0173,s2-37-0087,SURFACE FINISH,MINOR,REWORK,2026-05-08,2026-05-23,,QE-108
NCR-2026-0174,s1-37-0137,MISSING COMPONENT,MINOR,USE AS IS,2026-05-08,2026-05-28,,QE-101
NCR-2026-0175,s3-37-0041,DIMENSIONAL,MAJOR,SCRAP,2026-05-08,2026-05-12,CAPA-2174,QE-102
NCR-2026-0176,s9-37-0077,SOLDER,MINOR,USE AS IS,2026-05-08,2026-05-15,,QE-101
NCR-2026-0177,s7-37-0030,SURFACE FINISH,MINOR,REWORK,2026-05-08,2026-05-12,,QE-111
NCR-2026-0178,s2-37-0074,LABELING,MINOR,REWORK,2026-05-08,2026-05-21,,QE-108
NCR-2026-0179,s9-37-0031,MISSING COMPONENT,MINOR,REWORK,2026-05-08,2026-05-22,,QE-101
NCR-2026-0180,s8-37-0196,MISSING COMPONENT,MINOR,REWORK,2026-05-08,2026-05-20,,QE-109
NCR-2026-0181,s2-38-0180,SOLDER,MINOR,REWORK,2026-05-09,2026-05-12,,QE-103
NCR-2026-0182,s1-38-0073,SOLDER,MAJOR,REWORK,2026-05-09,2026-05-24,CAPA-2181,QE-108
NCR-2026-0183,s4-38-0076,MISSING COMPONENT,MINOR,REWORK,2026-05-09,2026-05-11,,QE-110
NCR-2026-0184,s2-38-0158,SOLDER,MINOR,REWORK,2026-05-09,2026-05-16,,QE-101
NCR-2026-0185,s5-39-0105,MISSING COMPONENT,MINOR,REWORK,2026-05-10,2026-05-28,,QE-101
NCR-2026-0186,s5-39-0129,LABELING,MINOR,REWORK,2026-05-10,2026-05-15,,QE-103
NCR-2026-0187,s6-39-0087,SOLDER,MAJOR,REWORK,2026-05-10,2026-05-28,CAPA-2186,QE-105
NCR-2026-0188,s8-39-0026,SOLDER,MINOR,USE AS IS,2026-05-10,2026-05-17,,QE-101
NCR-2026-0189,s3-40-0131,SOLDER,MINOR,REWORK,2026-05-11,2026-05-26,,QE-110
NCR-2026-0190,s3-40-0031,MISSING COMPONENT,MINOR,REWORK,2026-05-11,2026-05-25,,QE-100
NCR-2026-0191,s5-40-0120,SOLDER,MAJOR,SCRAP,2026-05-11,2026-05-30,CAPA-2190,QE-102
NCR-2026-0192,s4-40-0016,SURFACE FINISH,MINOR,REWORK,2026-05-11,2026-05-30,,QE-102
NCR-2026-0193,s9-40-0129,SOLDER,MINOR,REWORK,2026-05-11,2026-05-30,,QE-101
NCR-2026-0194,s5-41-0078,MISSING COMPONENT,MINOR,REWORK,2026-05-12,2026-05-29,,QE-110
NCR-2026-0195,s5-41-0003,SOLDER,MINOR,REWORK,2026-05-12,2026-05-26,,QE-107
NCR-2026-0196,s5-42-0063,MISSING COMPONENT,MINOR,REWORK,2026-05-13,2026-05-24,,QE-107
NCR-2026-0197,s2-42-0066,SOLDER,MINOR,REWORK,2026-05-13,2026-05-25,,QE-110
NCR-2026-0198,s5-42-0179,SOLDER,MINOR,REWORK,2026-05-13,2026-06-02,,QE-100
NCR-2026-0199,s1-42-0107,SURFACE FINISH,MINOR,REWORK,2026-05-13,2026-05-15,,QE-102
NCR-2026-0200,s3-43-0093,SURFACE FINISH,MINOR,REWORK,2026-05-14,2026-05-30,,QE-103
NCR-2026-0201,s3-43-0060,SOLDER,MINOR,USE AS IS,2026-05-14,2026-05-23,,QE-101
NCR-2026-0202,s1-43-0069,LABELING,MINOR,REWORK,2026-05-14,2026-05-23,,QE-102
NCR-2026-0203,s9-43-0106,MISSING COMPONENT,MINOR,REWORK,2026-05-14,2026-05-15,,QE-101
NCR-2026-0204,s4-44-0185,SOLDER,MINOR,USE AS IS,2026-05-15,2026-06-03,,QE-106
NCR-2026-0205,s2-44-0130,SOLDER,MINOR,REWORK,2026-05-15,2026-05-20,,QE-106
NCR-2026-0206,s6-44-0121,LABELING,MINOR,REWORK,2026-05-15,2026-05-30,,QE-108
NCR-2026-0207,s7-44-0036,SOLDER,MINOR,REWORK,2026-05-15,2026-05-18,,QE-103
NCR-2026-0208,s7-44-0151,SOLDER,MINOR,REWORK,2026-05-15,2026-05-28,,QE-106
NCR-2026-0209,s9-44-0138,MISSING COMPONENT,MINOR,REWORK,2026-05-15,2026-05-16,,QE-101
NCR-2026-0210,s6-44-0079,SOLDER,MINOR,REWORK,2026-05-15,2026-06-03,,QE-107
NCR-2026-0211,s9-45-0136,SOLDER,MINOR,REWORK,2026-05-16,2026-05-18,,QE-106
NCR-2026-0212,s3-45-0125,DIMENSIONAL,MAJOR,SCRAP,2026-05-16,2026-06-02,CAPA-2211,QE-103
NCR-2026-0213,s5-45-0179,MISSING COMPONENT,MAJOR,REWORK,2026-05-16,2026-06-01,CAPA-2212,QE-100
NCR-2026-0214,s1-45-0030,SOLDER,MINOR,REWORK,2026-05-16,2026-05-22,,QE-108
NCR-2026-0215,s9-45-0003,SOLDER,MINOR,REWORK,2026-05-16,2026-05-28,,QE-109
NCR-2026-0216,s5-46-9999,SURFACE FINISH,MINOR,REWORK,2026-05-17,2026-05-28,,QE-111
NCR-2026-0217,s1-46-0168,MISSING COMPONENT,MAJOR,REWORK,2026-05-17,2026-05-30,CAPA-2216,QE-103
NCR-2026-0218,s7-46-0130,SOLDER,MINOR,USE AS IS,2026-05-17,2026-05-27,,QE-107
NCR-2026-0219,s2-46-0158,SOLDER,MINOR,REWORK,2026-05-17,2026-05-28,,QE-105
NCR-2026-0220,s2-46-0168,OTHER,MINOR,USE AS IS,2026-05-17,2026-06-04,,QE-100
NCR-2026-0221,s5-46-0051,MISSING COMPONENT,MINOR,REWORK,2026-05-17,2026-05-18,,QE-110
NCR-2026-0222,s2-47-0086,MISSING COMPONENT,MINOR,REWORK,2026-05-18,2026-05-31,,QE-105
NCR-2026-0223,s1-47-0064,SURFACE FINISH,MINOR,REWORK,2026-05-18,2026-05-30,,QE-110
NCR-2026-0224,s3-47-0155,DIMENSIONAL,MAJOR,REWORK,2026-05-18,2026-05-27,CAPA-2223,QE-105
NCR-2026-0225,s3-47-9999,DIMENSIONAL,MAJOR,SCRAP,2026-05-18,2026-05-28,CAPA-2224,QE-108
NCR-2026-0226,s3-48-0174,SOLDER,MAJOR,REWORK,2026-05-19,2026-05-27,CAPA-2225,QE-103
NCR-2026-0227,s6-48-0012,SOLDER,MINOR,REWORK,2026-05-19,2026-05-30,,QE-104
NCR-2026-0228,s1-48-0014,MISSING COMPONENT,MINOR,USE AS IS,2026-05-19,2026-05-26,,QE-107
NCR-2026-0229,s3-48-9999,DIMENSIONAL,MAJOR,REWORK,2026-05-19,2026-05-29,CAPA-2228,QE-102
NCR-2026-0230,s3-48-0042,LABELING,MINOR,REWORK,2026-05-19,2026-06-05,,QE-111
NCR-2026-0231,s5-48-0054,SURFACE FINISH,MAJOR,REWORK,2026-05-19,2026-05-25,CAPA-2230,QE-106
NCR-2026-0232,s5-49-0105,SOLDER,MINOR,REWORK,2026-05-20,2026-06-06,,QE-110
NCR-2026-0233,s6-49-0019,SOLDER,MINOR,REWORK,2026-05-20,2026-06-08,,QE-111
NCR-2026-0234,s3-49-0021,DIMENSIONAL,MAJOR,SCRAP,2026-05-20,2026-05-22,CAPA-2233,QE-105
NCR-2026-0235,s3-49-0138,MISSING COMPONENT,MINOR,REWORK,2026-05-20,2026-05-26,,QE-108
NCR-2026-0236,s5-50-9999,SOLDER,MINOR,REWORK,2026-05-21,2026-05-24,,QE-111
NCR-2026-0237,s5-50-0085,MISSING COMPONENT,MINOR,REWORK,2026-05-21,2026-05-25,,QE-105
NCR-2026-0238,s3-50-0100,DIMENSIONAL,MAJOR,REWORK,2026-05-21,2026-05-31,CAPA-2237,QE-110
NCR-2026-0239,s9-51-0113,SURFACE FINISH,MINOR,REWORK,2026-05-22,2026-06-11,,QE-107
NCR-2026-0240,s5-51-0129,SOLDER,MINOR,REWORK,2026-05-22,2026-05-31,,QE-100
NCR-2026-0241,s5-51-0026,SURFACE FINISH,MINOR,REWORK,2026-05-22,2026-06-04,,QE-102
NCR-2026-0242,s2-51-0037,SOLDER,MINOR,REWORK,2026-05-22,2026-06-02,,QE-109
NCR-2026-0243,s5-51-0024,MISSING COMPONENT,MINOR,USE AS IS,2026-05-22,2026-06-09,,QE-101
NCR-2026-0244,s4-51-0120,SOLDER,MINOR,USE AS IS,2026-05-22,2026-06-06,,QE-108
NCR-2026-0245,s5-52-0153,SURFACE FINISH,MINOR,USE AS IS,2026-05-23,2026-05-28,,QE-106
NCR-2026-0246,s9-52-0126,MISSING COMPONENT,MINOR,REWORK,2026-05-23,2026-06-08,,QE-109
NCR-2026-0247,s3-52-0042,DIMENSIONAL,MAJOR,REWORK,2026-05-23,2026-05-31,CAPA-2246,QE-101
NCR-2026-0248,s5-52-0155,LABELING,MINOR,USE AS IS,2026-05-23,2026-05-31,,QE-101
NCR-2026-0249,s5-52-0095,MISSING COMPONENT,MAJOR,SCRAP,2026-05-23,2026-05-31,CAPA-2248,QE-111
NCR-2026-0250,s8-52-0175,SOLDER,MINOR,REWORK,2026-05-23,2026-06-08,,QE-101
NCR-2026-0251,s3-53-0056,DIMENSIONAL,MAJOR,SCRAP,2026-05-24,2026-06-09,CAPA-2250,QE-109
NCR-2026-0252,s4-53-0156,SOLDER,MINOR,REWORK,2026-05-24,2026-06-04,,QE-108
NCR-2026-0253,s1-53-0119,SOLDER,MINOR,USE AS IS,2026-05-24,2026-05-27,,QE-105
NCR-2026-0254,s5-53-0166,SURFACE FINISH,MINOR,REWORK,2026-05-24,2026-06-07,,QE-103
NCR-2026-0255,s3-53-0123,DIMENSIONAL,MAJOR,REWORK,2026-05-24,2026-05-31,CAPA-2254,QE-101
NCR-2026-0256,s6-53-0071,SOLDER,MINOR,REWORK,2026-05-24,2026-05-31,,QE-110
NCR-2026-0257,s3-53-0100,DIMENSIONAL,MAJOR,REWORK,2026-05-24,2026-05-29,CAPA-2256,QE-106
NCR-2026-0258,s5-53-0080,SURFACE FINISH,MINOR,REWORK,2026-05-24,2026-06-11,,QE-106
NCR-2026-0259,s4-54-0007,SURFACE FINISH,MINOR,REWORK,2026-05-25,2026-05-29,,QE-103
NCR-2026-0260,s6-54-0063,MISSING COMPONENT,MINOR,REWORK,2026-05-25,2026-05-28,,QE-105
NCR-2026-0261,s5-54-0184,MISSING COMPONENT,MAJOR,SCRAP,2026-05-25,2026-06-14,CAPA-2260,QE-110
NCR-2026-0262,s9-54-0100,MISSING COMPONENT,MINOR,USE AS IS,2026-05-25,2026-06-14,,QE-100
NCR-2026-0263,s4-54-0063,SURFACE FINISH,MAJOR,SCRAP,2026-05-25,2026-05-28,CAPA-2262,QE-106
NCR-2026-0264,s3-54-0105,DIMENSIONAL,MAJOR,SCRAP,2026-05-25,2026-06-05,CAPA-2263,QE-106
NCR-2026-0265,s3-54-0043,DIMENSIONAL,MAJOR,REWORK,2026-05-25,2026-05-29,CAPA-2264,QE-101
NCR-2026-0266,s3-55-0036,DIMENSIONAL,MAJOR,REWORK,2026-05-26,2026-06-15,CAPA-2265,QE-111
NCR-2026-0267,s8-55-0131,MISSING COMPONENT,MINOR,USE AS IS,2026-05-26,2026-05-27,,QE-106
NCR-2026-0268,s3-55-0033,DIMENSIONAL,MAJOR,SCRAP,2026-05-26,2026-06-05,CAPA-2267,QE-108
NCR-2026-0269,s3-55-0032,DIMENSIONAL,MAJOR,SCRAP,2026-05-26,2026-06-08,CAPA-2268,QE-108
NCR-2026-0270,s3-55-0097,DIMENSIONAL,MAJOR,SCRAP,2026-05-26,2026-06-06,CAPA-2269,QE-105
NCR-2026-0271,s3-55-0014,DIMENSIONAL,MAJOR,REWORK,2026-05-26,2026-05-31,CAPA-2270,QE-103
NCR-2026-0272,s3-56-0073,DIMENSIONAL,MAJOR,SCRAP,2026-05-27,2026-06-08,CAPA-2271,QE-107
NCR-2026-0273,s3-56-0028,SURFACE FINISH,MAJOR,REWORK,2026-05-27,2026-06-04,CAPA-2272,QE-101
NCR-2026-0274,s3-56-0143,DIMENSIONAL,MAJOR,SCRAP,2026-05-27,2026-06-11,CAPA-2273,QE-100
NCR-2026-0275,s3-56-0135,DIMENSIONAL,MAJOR,SCRAP,2026-05-27,2026-06-15,CAPA-2274,QE-103
NCR-2026-0276,s2-57-0079,SOLDER,MAJOR,SCRAP,2026-05-28,2026-06-02,CAPA-2275,QE-106
NCR-2026-0277,s5-57-0075,SOLDER,MINOR,REWORK,2026-05-28,2026-06-04,,QE-111
NCR-2026-0278,s9-57-0114,SOLDER,MINOR,REWORK,2026-05-28,2026-06-09,,QE-103
NCR-2026-0279,s8-57-0105,LABELING,MINOR,USE AS IS,2026-05-28,2026-06-03,,QE-106
NCR-2026-0280,s3-57-0018,DIMENSIONAL,MAJOR,REWORK,2026-05-28,2026-06-07,CAPA-2279,QE-104
NCR-2026-0281,s3-57-0095,DIMENSIONAL,MAJOR,REWORK,2026-05-28,2026-05-29,CAPA-2280,QE-111
NCR-2026-0282,s9-57-0069,MISSING COMPONENT,MINOR,REWORK,2026-05-28,2026-06-11,,QE-103
NCR-2026-0283,s6-57-0016,SOLDER,MINOR,REWORK,2026-05-28,2026-06-02,,QE-111
NCR-2026-0284,s1-57-0075,MISSING COMPONENT,MAJOR,REWORK,2026-05-28,2026-06-09,CAPA-2283,QE-103
NCR-2026-0285,s4-58-0134,SURFACE FINISH,MINOR,USE AS IS,2026-05-29,2026-06-05,,QE-111
NCR-2026-0286,s3-58-0012,OTHER,MAJOR,SCRAP,2026-05-29,2026-06-04,CAPA-2285,QE-106
NCR-2026-0287,s5-58-0031,SOLDER,MINOR,REWORK,2026-05-29,2026-06-01,,QE-108
NCR-2026-0288,s3-58-0053,DIMENSIONAL,MAJOR,REWORK,2026-05-29,2026-06-01,CAPA-2287,QE-110
NCR-2026-0289,s4-58-9999,MISSING COMPONENT,MINOR,USE AS IS,2026-05-29,2026-06-01,,QE-100
NCR-2026-0290,s3-58-0063,SOLDER,MINOR,REWORK,2026-05-29,2026-06-12,,QE-103
NCR-2026-0291,s1-58-0006,SURFACE FINISH,MINOR,USE AS IS,2026-05-29,2026-05-30,,QE-101
NCR-2026-0292,s7-59-0052,LABELING,MINOR,REWORK,2026-05-30,2026-06-07,,QE-104
NCR-2026-0293,s7-59-0020,SOLDER,MINOR,USE AS IS,2026-05-30,2026-05-31,,QE-104
NCR-2026-0294,s2-59-0167,LABELING,MINOR,REWORK,2026-05-30,2026-06-04,,QE-108
NCR-2026-0295,s8-59-0092,SOLDER,MINOR,USE AS IS,2026-05-30,2026-06-17,,QE-109
NCR-2026-0296,s9-59-0132,SURFACE FINISH,MINOR,REWORK,2026-05-30,2026-06-18,,QE-102
NCR-2026-0297,s3-59-0143,DIMENSIONAL,MAJOR,REWORK,2026-05-30,2026-06-13,CAPA-2296,QE-111
